"track_name","duration_ms","album_name","album_release_date","album_release_year","danceability","energy","key","loudness","mode","speechiness","acousticness","instrumentalness","liveness","valence","tempo","key_mode","lyric"
"Belum Ada Judul",235280,"Iwan Fals - Satu-Satu","2012-12-26",2012,0.386,0.505,7,-7.367,1,0.0287,0.482,0.00529,0.132,0.321,78.991,"G major","Pernah kita sama sama susah|Terperangkap didingin malam|Terjerumus dalam lubang jalanan|Digilas kaki sang waktu yang sombong|Terjerat mimpi yang indah|Lelah|Pernah kita sama sama rasakan|Panasnya mentari hanguskan hati|Sampai saat kita nyaris tak percaya|Bahwa roda nasib memang berputar|Sahabat masih ingatkah|Kau|Sementara hari terus berganti|Engkau pergi dengan dendam membara|Dihati|Cukup lama aku jalan sendiri|Tanpa teman yang sanggup mengerti|Hingga saat kita jumpa hari ini|Tajamnya matamu tikam jiwaku|Kau tampar bangkitkan aku|Sobat|Sementara hari terus berganti|Engkau pergi dengan dendam membara|Dihati"
"Doa Dalam Sunyi",254000,"Iwan Fals - Satu-Satu","2012-12-26",2012,0.341,0.301,4,-11.497,0,0.0289,0.915,0.00105,0.17,0.0451,122.611,"E minor","Angin datang dari mana ?|Merayapi lembah gunung|Ada luka dalam duka|Dilempar kedalam kawah|Memanjat tebing tebing sunyi|Memasuki pintu misteri|Menggores batu batu|Dengan kata sederhana|Dengan doa sederhana|Merenung seperti gunung|Mengurai hidup dari langit|Jejak jejak yang tertinggal|Menyimpan rahasia hidup|Selamat jalan saudaraku|Pergilah bersama nasibmu|Pertemuan dan perpisahan|Dimana awal akhirnya ?|Dimana bedanya ?|Dimana bedanya ?|Doa doa terdengar dalam sunyi|Doa doa terdengar dalam sepi|Doa doa terdengar dalam sunyi|Doa doa terdengar dalam sepi|Doa doa terdengar dalam sunyi|Doa doa terdengar dalam sepi|Doa doa terdengar dalam sunyi|Doa doa terdengar dalam sepi"
"Lagu Cinta",337960,"Iwan Fals - Satu-Satu","2012-12-26",2012,0.583,0.815,11,-3.032,0,0.029,0.713,0,0.0995,0.35,116.32,"B minor","Aku tak tahu harus mulai dari mana?|Aku tak tahu harus menulis apa?|Ditanganku duka|Ditanganku suka|Lagu cinta ingin kunyanyikan|Namun lidahku kaku hatiku beku|Aku rindu|Aku tak tahu|Lagu cinta dimana kamu?|Mencari apa yang dicari|Menunggu apa yang ditunggu|Aku merasa dikejar waktu|Mencari apa yang dicari|Menunggu apa yang ditunggu|Aku merasa dikejar waktu|Dari mana kamu datang?|Aku tak mendengar langkahmu|Lagu cinta|Pelan pelan bangunkan aku|Mencari apa yang dicari|Menunggu apa yang ditunggu|Aku merasa dikejar waktu|Mencari apa yang dicari|Menunggu apa yang ditunggu|Aku merasa dikejar waktu|Mencari apa yang dicari|Menunggu apa yang ditunggu|Aku merasa dikejar waktu|( Mencari apa yang dicari )|Mencari apa yang dicari|Menunggu apa yang ditunggu|Aku merasa dikejar waktu"
"Panggilan Dari Gunung",211000,"Iwan Fals - Satu-Satu","2012-12-26",2012,0.597,0.834,3,-1.258,1,0.0256,0.443,0.00636,0.163,0.354,100.506,"D# major","Panggilan dari gunung|Turun ke lembah-lembah|Kenapa nadamu murung|Langkah kaki gelisah|Matamu separuh katup|Lihat kolam seperti danau|Kau bawa persoalan|Cerita duka melulu|Disini . . . . . . . . menunggu|Cerita . . . . . . . . yang lain|Berapa lama diam|Cermin katakan bangkit|Pohon-pohon terkurung|Kura-kura terbius|-Rahman Tardjana-"
"Nona",251981,"Juara Lagu-Lagu Swami V3","2012-09-07",2012,0.51,0.535,2,-8.64,1,0.0279,0.69,1.68e-06,0.375,0.138,88.34,"D major","Sudah cukup jauh|Perjalanan ini|Lewati duka lewati tawa|Lewati segala persoalan|Kucoba berkaca|Pada jejak yang ada|Ternyata aku sudah tertinggal|Bahkan jauh tertinggal|Bodohnya diriku|Tak percaya padamu|Lalu sempat aku berfikir|Untuk tinggalkan kamu|Nona maafkan aku|Nona peluklah aku|Nona begitu perkasanya dirimu|Yakiniku|Nona marahlah padaku|Nona|Nonaku|Aku tak peduli|Apa kata mereka|Hari ini engkau disini|Esok tetap disini|Nona maafkan aku|Nona peluklah aku|Nona begitu perkasanya dirimu|Yakiniku|Nona marahlah padaku|Nona|Nonaku|Nona maafkan aku|Nona nona nona nonaku|Nona nona nona nonaku"
"Kesaksian",366177,"Juara Lagu-Lagu Swami V3","2012-09-07",2012,0.337,0.402,0,-9.495,1,0.0283,0.679,1.83e-06,0.231,0.182,85.375,"C major","Aku mendengar suara|Jerit makhluk terluka|Luka luka hidupnya|Luka|Orang memanah rembulan|Burung sirna sarangnya|Sirna sirna hidup redup|Alam semesta luka|Banyak orang hilang nafkahnya|Aku bernyanyi menjadi saksi|Banyak orang dirampas haknya|Aku bernyanyi menjadi saksi|Mereka dihinakan|Tanpa daya|Ya tanpa daya|Terbiasa hidup sangsi|Orang orang harus dibangunkan|Aku bernyanyi menjadi saksi|Kenyataan harus dikabarkan|Aku bernyanyi menjadi saksi|Lagu ini jeritan jiwa|Hidup bersama harus dijaga|Lagu ini harapan sukma|Hidup yang layak harus dibela"
"Bakar",277662,"Juara Lagu-Lagu Swami V1","2012-09-06",2012,0.481,0.759,10,-8.35,0,0.0653,0.146,0.000164,0.073,0.37,109.628,"A# minor","Tuhan tolong dengarkan|Nyanyian pinggir jalan|Malam dibawah bulan|Dalam waktu yang rawan|Marah dibawah tanah|Dilangit ada merah|Menuju satu arah|Bakar bakar|Disana ada bohong|Disana ada mayat|Disana ada suara|Bom bom|Raut muka resah|Orang orang susah|Ada banyak mata|Buta|Resah luka kaki|Semakin menjadi|Ada banyak kuping|Tuli|Malam hampir pagi|Debu jalan datang lagi|Malam hampir pagi|Bising mesin bunyi lagi|Malam hampir pagi|Kelicikan mulai lagi|Malam hampir pagi|Teriakku hilang lagi"
"Yang Terlupakan",291780,"Juara Lagu-Lagu Swami V1","2012-09-06",2012,0.442,0.508,0,-7.216,1,0.0269,0.463,0,0.0915,0.197,144.469,"C major","Denting piano|Kala jemari menari|Nada merambat pelan|Di kesunyian malam|Saat datang rintik hujan|Bersama setiap bayang|Yang pernah terlupakan|Hati kecil berbisik|Untuk kembali padanya|S'ribu kata menggoda|S'ribu sesal di depan mata|Seperti menjelma|Waktu aku tertawa|Kala memberimu dosa|Ooo...maafkanlah|Ooo...maafkanlah|Rasa sesal di dasar hati, diam tak mau pergi|Haruskah aku lari dari kenyataan ini?|Pernah kumencoba tuk sembunyi|Namun senyummu tetap mengikuti|Na na na na ...|Na na na na ...|Na na na na ...|Na na na na ...|Hati kecil berbisik|Untuk kembali padanya|S'ribu kata menggoda|S'ribu sesal di depan mata|Seperti menjelma|Waktu aku tertawa|Kala memberimu dosa|Rasa sesal di dasar hati, diam tak mau pergi|Haruskah aku lari dari kenyataan ini?|Pernah kumencoba tuk sembunyi|Namun senyummu tetap mengikuti|Rasa sesal di dasar hati, diam tak mau pergi|Haruskah aku lari dari kenyataan ini?|Pernah kumencoba tuk sembunyi|Namun senyummu tetap mengikuti|Rasa sesal di dasar hati, diam tak mau pergi|Haruskah aku lari dari kenyataan ini?|Pernah kumencoba tuk sembunyi|Namun senyummu tetap mengikuti"
"Perempuan Malam",256904,"Juara Lagu-Lagu Swami V1","2012-09-06",2012,0.547,0.65,2,-7.533,1,0.0287,0.402,0,0.157,0.539,135.863,"D major","Perempuan malam mandi di kali|Buih buih busa sampo ketengan|Di atas kepala lewat kereta|Yang berjalan lamban nakal menggoda|Disambut tawa renyah memecah langit|Dengus kereta semakin hening|Semua noda coba dibersihkan|Namun masih saja terlihat kotor|Karena kereta kirimkan debu|Yang datang tak mampu ia tepiskan|Perempuan malam kenakan handuknya|Setelah usap seluruh tubuhnya|Hangatkan tubuh di cerah pagi|Pada matahari|Keringkan hati yang penuh tangis|Walau hanya sesaat|Segelas kopi sebatang rokok|Segurat catatan yang tersimpan|Perempuan malam menunggu malam|Untuk panjangnya malam|Perempuan malam diikat tali|Di hidup di mimpi di hatinya|Aku hanya lihat dari jembatan|Tanpa mampu untuk melepaskan|Perempuan malam dipinggir jerami|Nyanyikan doa nyalakan api|Perempuan malam dipinggir jerami|Nyanyikan doa nyalakan api"
"Air Mata Api",286486,"Juara Lagu-Lagu Swami V2","2012-09-06",2012,0.549,0.726,4,-7.952,0,0.0397,0.188,1.01e-06,0.108,0.419,130.386,"E minor","Aku adalah lelaki tengah malam|Ayahku harimau ibuku ular|Aku dijuluki orang sisa sisa|Sebab kerap merintih kerap menjerit|Temanku gitar temanku lagu|Nyanyikan tangis marah dan cinta|Temanku niat temanku semangat|Yang kian hari kian berkarat semakin berkarat|Aku berjalan orang cibirkan mulut|Aku bicara mereka tutup hidung|Aku tersinggung peduli nilai nilai|Aku datangi dengan segunung api|Mereka lari ke ketiak ibunya|Ku tak peduli marahku menjadi|Mereka lari ke meja ayahnya|Aku tak mampu tenagaku terkuras|Lelaki tengah malam terkulai di tepi malam|Lelaki tengah malam terkulai di tepi malam|Orang sisa sisa menangis|Orang sisa sisa menangis|Air matanya|Air matanya|Air matanya|Api|Aku berjalan orang cibirkan mulut|Aku bicara mereka tutup hidung|Aku tersinggung peduli nilai nilai|Aku datangi dengan segunung api|Mereka lari ke ketiak ibunya|Ku tak peduli marahku menjadi|Mereka lari ke meja ayahnya|Aku tak mampu tenagaku habis terkuras|Lelaki tengah malam terkulai di tepi malam|Lelaki tengah malam terkulai di tepi malam|Orang sisa sisa menangis|Orang sisa sisa menangis|Air matanya|Air matanya|Air matanya|Api|Air matanya|Air matanya|Air matanya|Api"
"Guru Oemar Bakri",253520,"15 Lagu Banjo & Harmonika","2011-06-08",2011,0.567,0.779,2,-5.863,1,0.0482,0.48,0,0.216,0.917,112.213,"D major","Tas hitam dari kulit buaya|Selamat pagi berkata bapak Umar Bakri|Ini hari aku rasa kopi nikmat sekali|Tas hitam dari kulit buaya|Mari kita pergi memberi pelajaran ilmu pasti|Itu murid bengalmu mungkin sudah menunggu|Laju sepeda kumbang dijalan berlubang|Selalu begitu dari dulu waktu jaman Jepang|Terkejut dia waktu mau masuk pintu gerbang|Banyak polisi bawa senjata berwajah garang|Bapak Umar Bakri kaget apa gerangan?|""Berkelahi pak!"" jawab murid seperti jagoan|Bapak Umar Bakri takut bukan kepalang|Itu sepeda butut dikebut lalu cabut kalang kabut (Bakri kentut)|Cepat pulang|Busyet... standing dan terbang|Umar Bakri Umar Bakri|Pegawai negeri|Umar Bakri Umar Bakri|Empat puluh tahun mengabdi|Jadi guru jujur berbakti memang makan hati|Umar Bakri Umar Bakri|Banyak ciptakan menteri|Umar Bakri|Profesor dokter insinyurpun jadi|(Bikin otak orang seperti otak Habibie)|Tapi mengapa gaji guru Umar Bakri|Seperti dikebiri|Bakri Bakri|Kasihan amat loe jadi orang|Gawat"
"Sugali",292026,"15 Lagu Banjo & Harmonika","2011-06-08",2011,0.64,0.748,0,-7.286,1,0.044,0.0695,0,0.419,0.89,116.753,"C major","Sua sua sua suara berita|Tertulis dalam koran|Tentang seorang lelaki yang sering keluar masuk bui|Jadi buronan polisi|Dar der dor suara senapan|Sugali anggap petasan|Tiada rasa ketakutan punya ilmu kebal senapan|Semakin lupa daratan|Lihat sugali menari|Di lokasi WTS kelas teri|Asik lembur sampai pagi|Usai garong hambur uang peduli setan|Di di du Di du da di du|Di di du di du du|Di di du Di du da di du|Di du da di du di da di du di da du|Ramai gunjing tentang dirimu|Yang tak juga hinggap rasa jemu|Suram hari depanmu|Rasa was was mata beringas|Menunggu datang peluru yang panas|Di waktu hari naas|Oh bisik jangkrik ditengah malam|Tenggelam dalam suara letusan|Kata berita di mana mana|Tentang Sugali tak tenang lagi dan lari sembunyi|Tar ter tor suara senapan|Sugali anggap petasan|Tiada rasa ketakutan punya ilmu kebal senapan|Sugali makin keranjingan|Lihat sugali menari|Di lokasi WTS kelas teri|Asik joget sampai lecet|Genit gelitik cewek binal paling busyet|Di di du Di du da di du|Di di du di du du|Di di du Di du da di du|Di du da di du di da di du di da du"
"Surat Buat Wakil Rakyat",391373,"Koleksi Akustik Iwan Fals","2009-01-01",2009,0.459,0.636,0,-8.554,1,0.112,0.142,0,0.868,0.584,117.571,"C major","Untukmu yang duduk sambil diskusi|Untukmu yang biasa bersafari|Disana di gedung DPR|Wakil rakyat kumpulan orang hebat|Bukan kumpulan teman teman dekat|Apalagi sanak famili|Dihati dan lidahmu kami berharap|Suara kami tolong dengar lalu sampaikan|Jangan ragu jangan takut karang menghadang|Bicaralah yang lantang jangan hanya diam|Dikantong safarimu kami titipkan|Masa depan kami dan negeri ini|Dari Sabang sampai Merauke|Saudara dipilih bukan di lotere|Meski kami tak kenal siapa saudara|Kami tak sudi memilih para juara|Juara diam juara he eh juara hahaha|Untukmu yang duduk sambil diskusi|Untukmu yang biasa bersafari|Disana di gedung DPR|Dihati dan lidahmu kami berharap|Suara kami tolong dengar lalu sampaikan|Jangan ragu jangan takut karang menghadang|Bicaralah yang lantang jangan hanya diam|Wakil rakyat seharusnya merakyat|Jangan tidur waktu sidang soal rakyat|Wakil rakyat bukan paduan suara|Hanya tahu nyanyian lagu ""setuju""|Wakil rakyat seharusnya merakyat|Jangan tidur waktu sidang soal rakyat|Wakil rakyat bukan paduan suara|Hanya tahu nyanyian lagu ""setuju""|Wakil rakyat seharusnya merakyat|Jangan tidur waktu sidang soal rakyat|Wakil rakyat bukan paduan suara|Hanya tahu nyanyian lagu ""setuju""|Wakil rakyat seharusnya merakyat|Jangan tidur waktu sidang soal rakyat|Wakil rakyat bukan paduan suara|Hanya tahu nyanyian lagu ""setuju"""
"Sugali",292026,"Koleksi Akustik Iwan Fals","2009-01-01",2009,0.64,0.748,0,-7.286,1,0.044,0.0695,0,0.419,0.89,116.753,"C major","Sua sua sua suara berita|Tertulis dalam koran|Tentang seorang lelaki yang sering keluar masuk bui|Jadi buronan polisi|Dar der dor suara senapan|Sugali anggap petasan|Tiada rasa ketakutan punya ilmu kebal senapan|Semakin lupa daratan|Lihat sugali menari|Di lokasi WTS kelas teri|Asik lembur sampai pagi|Usai garong hambur uang peduli setan|Di di du Di du da di du|Di di du di du du|Di di du Di du da di du|Di du da di du di da di du di da du|Ramai gunjing tentang dirimu|Yang tak juga hinggap rasa jemu|Suram hari depanmu|Rasa was was mata beringas|Menunggu datang peluru yang panas|Di waktu hari naas|Oh bisik jangkrik ditengah malam|Tenggelam dalam suara letusan|Kata berita di mana mana|Tentang Sugali tak tenang lagi dan lari sembunyi|Tar ter tor suara senapan|Sugali anggap petasan|Tiada rasa ketakutan punya ilmu kebal senapan|Sugali makin keranjingan|Lihat sugali menari|Di lokasi WTS kelas teri|Asik joget sampai lecet|Genit gelitik cewek binal paling busyet|Di di du Di du da di du|Di di du di du du|Di di du Di du da di du|Di du da di du di da di du di da du"
"Ibu",173560,"Koleksi Akustik Iwan Fals","2009-01-01",2009,0.46,0.469,6,-8.829,0,0.031,0.53,0.000167,0.263,0.27,80.998,"F# minor","Ribuan kilo jalan yang kau tempuh|Lewati rintang untuk aku anakmu|Ibuku sayang masih terus berjalan|Walau tapak kaki, penuh darah... penuh nanah|Seperti udara... kasih yang engkau berikan|Tak mampu ku membalas...ibu...ibu|Ingin kudekat dan menangis di pangkuanmu|Sampai aku tertidur, bagai masa kecil dulu|Lalu doa-doa baluri sekujur tubuhku|Dengan apa membalas...ibu...ibu....|Seperti udara... kasih yang engkau berikan|Tak mampu ku membalas...ibu...ibu"
"Sarjana Muda",300853,"Koleksi Akustik Iwan Fals","2009-01-01",2009,0.331,0.554,2,-8.28,0,0.0298,0.652,0.154,0.308,0.123,136.18,"D minor","Berjalan seorang pria muda|Dengan jaket lusuh dipundaknya|Disela bibir tampak mengering|Terselip sebatang rumput liar|Jelas menatap awan berarak|Wajah murung semakin terlihat|Dengan langkah gontai tak terarah|Keringat bercampur debu jalanan|Engkau sarjana muda|Resah mencari kerja|Mengandalkan ijazahmu|Empat tahun lamanya|Bergelut dengan buku|Tuk jaminan masa depan|Langkah kakimu terhenti|Didepan halaman sebuah jawatan|Terjenuh lesu engkau melangkah|Dari pintu kantor yang diharapkan|Terngiang kata tiada lowongan|Untuk kerja yang didambakan|Tak perduli berusaha lagi|Namun kata sama kau dapatkan|Jelas menatap awan berarak|Wajah murung semakin terlihat|Engkau sarjana muda|Resah tak dapat kerja|Tak berguna ijazahmu|Empat tahun lamanya|Bergelut dengan buku|Sia sia semuanya|Setengah putus asa dia berucap... maaf ibu..."
"Manusia Setengah Dewa",256853,"Koleksi Akustik Iwan Fals","2009-01-01",2009,0.559,0.199,9,-12.333,1,0.0381,0.696,0,0.168,0.13,143.619,"A major","Wahai presiden kami yang baru|Kamu harus dengar suara ini|Suara yang keluar dari dalam goa|Goa yang penuh lumut kebosanan|Walau hidup adalah permainan|Walau hidup adalah hiburan|Tetapi kami tak mau dipermainkan|Dan kami juga bukan hiburan|Turunkan harga secepatnya|Berikan kami pekerjaan|Pasti kuangkat engkau|Menjadi manusia setengah dewa|Masalah moral masalah akhlak|Biar kami cari sendiri|Urus saja moralmu urus saja akhlakmu|Peraturan yang sehat yang kami mau|Tegakkan hukum setegak tegaknya|Adil dan tegas tak pandang bulu|Pasti kuangkat engkau|Menjadi manusia setengah dewa|Masalah moral masalah akhlak|Biar kami cari sendiri|Urus saja moralmu urus saja akhlakmu|Peraturan yang sehat yang kami mau|Turunkan harga secepatnya|Berikan kami pekerjaan|Tegakkan hukum setegak tegaknya|Adil dan tegas tak pandang bulu|Pasti kuangkat engkau|Menjadi manusia setengah dewa|Wahai presiden kami yang baru|Kamu harus dengar suara ini"
"Belalang Tua",405013,"Koleksi Akustik Iwan Fals","2009-01-01",2009,0.531,0.839,7,-6.806,1,0.0634,0.0579,0,0.353,0.746,150.865,"G major","Belalang tua diujung daun|Warnanya kuning kecoklat coklatan|Badannya bergoyang ditiup angin|Mulutnya terus saja mengunyah|Tak kenyang kenyang|Sudut mata kananku tak sengaja|Melihat belalang tua yang rakus|Sambil menghisap dalam rokokku|Kutulis syair|Tentang hati yang khawatir|Sebab menyaksikan|Akhir dari kerakusan|Belalang tua|Yang tak kenyang kenyang|Seperti sadar kuperhatikan|Ia berhenti mengunyah|Kepalanya mendongak keatas|Matanya melotot melihatku tak senang|Kakinya mencengkram daun|Empat didepan dua dibelakang|Bergerigi tajam|Sungutnya masih gagah menusuk langit|Berfungsi sebagai radar|Belalang tua masih saja melihat marah kearahku|Aku menjadi grogi dibuatnya|Aku tak tahu apa yang dipikirkan|Tiba tiba angin berhenti mendesir|Daun pun berhenti bergoyang|Walau hampir habis|Daun tak jadi patah|Belalang yang serakah|Berhenti mengunyah|Kisah belalang tua diujung daun|Yang hampir jatuh tetapi tak jatuh|Kisah belalang tua yang berhenti mengunyah|Sebab kubilang tak kenyang kenyang|Kisah belalang tua diujung daun|Yang kakinya berjumlah enam|Kisah belalang tua yang berhenti mengunyah|Sebab kubilang kamu serakah|Belalang tua diujung daun|Dengan tenang meninggalkan harta karun|Warnanya hijau kehitam hitaman|Berserat berlendir|Bulat lonjong sebesar biji kapas|Angin yang berhenti mendesir|Digantikan hujan rintik rintik|Aku yang menulis syair|Tentang hati yang khawatir|Tak tahu kapan|Kisah ini akan berakhir|Kisah belalang tua diujung daun|Yang hampir jatuh tetapi tak jatuh|Kisah belalang tua yang berhenti mengunyah|Sebab kubilang tak kenyang kenyang|Kisah belalang tua diujung daun|Yang kakinya berjumlah enam|Kisah belalang tua yang berhenti mengunyah|Sebab kubilang kamu serakah"
"Sore Tugu Pancoran",249226,"Koleksi Akustik Iwan Fals","2009-01-01",2009,0.558,0.455,0,-8.431,1,0.0348,0.353,0,0.175,0.37,79.817,"C major","Si Budi kecil kuyup menggigil|Menahan dingin tanpa jas hujan|Di simpang jalan tugu pancoran|Tunggu pembeli jajakan koran|Menjelang maghrib hujan tak reda|Si Budi murung menghitung laba|Surat kabar sore dijual malam|Selepas isya melangkah pulang|Anak sekecil itu berkelahi dengan waktu|Demi satu impian yang kerap ganggu tidurmu|Anak sekecil itu sempat nikmati waktu|Dipaksa pecahkan karang lemah jarimu terkepang|Cepat langkah waktu pagi menunggu|Si Budi sibuk siapkan buku|Tugas dari sekolah selesai setengah|Sanggupkah si Budi diam di dua sisi"
"Kumenanti Seorang Kekasih",220813,"Koleksi Akustik Iwan Fals","2009-01-01",2009,0.763,0.334,5,-14.698,1,0.0357,0.0467,0.856,0.0879,0.859,103.967,"F major","Bila mentari bersinar lagi|Hatiku pun ceria kembali (asyik)|Kutatap mega tiada yang hitam|Betapa indah hari ini|Kumenanti seorang kekasih|Yang tercantik yang datang dihari ini|Adakah dia akan selalu setia|Bersanding hidup penuh pesona harapanku|Jangan kau tak menepati janji|Datanglah dengan kasihmu|Andai kau tak datang kali ini|Punah harapanku"
"Aku Bukan Pilihan",258226,"In Love","2005-12-16",2005,0.379,0.514,2,-6.79,1,0.0658,0.469,5.54e-06,0.106,0.238,79.125,"D major","Kini ku mengungkap tanya|Siapakah dirinya|Yang mengaku kekasihmu itu|Aku tak bisa memahami|Ketika malam tiba|Ku rela kau berada|Dengan siapa kau melewatinya|Aku tak bisa memahami|Aku lelaki tak mungkin|Menerimamu bila|Ternyata kau mendua|Membuatku terluka|Tinggalkan saja diriku|Yang tak mungkin menunggu|Jangan pernah memilih|Aku bukan pilihan|Selalu terungkap tanya|Benarkan kini dia|Wanita yang kukenal hatinya|Aku tak bisa memahami|Tak perlu kau memilihku|Aku lelaki|Bukan tuk dipilih|####|Kiniku mengungkapkan|Siapakah dirimu|Yang mengaku kekasih itu|Aku tak bisa memahami...|Ketika malam tiba|Kurela kau bertanya|Dengan siapa kau melewatinya|Aku tak bisa memahami...|Reff:|Aku lelaki tak mungkin menerimamu bila|Ternyata kau mendua membuatku terluka|Tinggalkan saja diriku yang tak mungkin menunggu|Jangan pernah memilih aku bukan pilihan|Selalu terungkap tanya|Benarkah kini dirimu|Wanita yang kukenal hatinya|Aku tak bisa memahami...|(reff)|Tak perlu kau memilihku|Aku lelaki bukan tuk dipilih"
"Buku Ini Aku Pinjam",288360,"In Love","2005-12-16",2005,0.498,0.739,6,-5.104,1,0.0339,0.276,0,0.221,0.423,142.927,"F# major","Dikantin depan kelasku disana kenal dirimu|Yang kini tersimpan dihati jalani kisah sembunyi|Dihalte itu kutunggu senyum manismu kekasih|Usai dentang bel sekolah kita nikmati yang ada|Seperti hari yang lain|Kau senyum tersipu malu|Ketika ku sapa engkau|Genggamlah jari ................ Genggamlah hati .................... ini|Memang usia kita muda namun cinta soal hati|Biar mereka bicara telinga kita terkunci|Dia tahu ............... dia rasa...............|Maka tersenyumlah kasih ..................|Tetap langkah .............. Jangan hentikan ..............|Cinta ini milik kita .................. he'eh....................|Buku ini aku pinjam kan kutulis sajak indah|Hanya untukmu seorang .................|Tentang mimpi-mimpi malam|-Rahman Tardjana-"
"Kumenanti Seorang Kekasih",220400,"In Love","2005-12-16",2005,0.745,0.6,5,-5.791,1,0.0263,0.0481,0.000339,0.109,0.814,103.964,"F major","Bila mentari bersinar lagi|Hatiku pun ceria kembali (asyik)|Kutatap mega tiada yang hitam|Betapa indah hari ini|Kumenanti seorang kekasih|Yang tercantik yang datang dihari ini|Adakah dia akan selalu setia|Bersanding hidup penuh pesona harapanku|Jangan kau tak menepati janji|Datanglah dengan kasihmu|Andai kau tak datang kali ini|Punah harapanku"
"Kemesraan",311453,"In Love","2005-12-16",2005,0.618,0.533,10,-9.783,1,0.0254,0.388,2.81e-05,0.189,0.381,88.116,"A# major","Suatu hari|Dikala kita duduk ditepi pantai|Dan memandang|Ombak dilautan yang kian menepi|Burung camar|Terbang bermain diderunya air|Suara alam ini|Hangatkan jiwa kita|Sementara|Sinar surya perlahan mulai tenggelam|Suara gitarmu|Mengalunkan melodi tentang cinta|Ada hati|Membara erat bersatu|Getar seluruh jiwa|Tercurah saat itu|Kemesraan ini|Janganlah cepat berlalu|Kemesraan ini|Ingin kukenang selalu|Hatiku damai|Jiwaku tentram disampingmu|Hatiku damai|Jiwaku tentram bersamamu|Bersamamu"
"Yang Terlupakan",295800,"In Love","2005-12-16",2005,0.358,0.535,2,-4.717,1,0.0289,0.0357,0.000358,0.195,0.195,127,"D major","Denting piano|Kala jemari menari|Nada merambat pelan|Di kesunyian malam|Saat datang rintik hujan|Bersama setiap bayang|Yang pernah terlupakan|Hati kecil berbisik|Untuk kembali padanya|S'ribu kata menggoda|S'ribu sesal di depan mata|Seperti menjelma|Waktu aku tertawa|Kala memberimu dosa|Ooo...maafkanlah|Ooo...maafkanlah|Rasa sesal di dasar hati, diam tak mau pergi|Haruskah aku lari dari kenyataan ini?|Pernah kumencoba tuk sembunyi|Namun senyummu tetap mengikuti|Na na na na ...|Na na na na ...|Na na na na ...|Na na na na ...|Hati kecil berbisik|Untuk kembali padanya|S'ribu kata menggoda|S'ribu sesal di depan mata|Seperti menjelma|Waktu aku tertawa|Kala memberimu dosa|Rasa sesal di dasar hati, diam tak mau pergi|Haruskah aku lari dari kenyataan ini?|Pernah kumencoba tuk sembunyi|Namun senyummu tetap mengikuti|Rasa sesal di dasar hati, diam tak mau pergi|Haruskah aku lari dari kenyataan ini?|Pernah kumencoba tuk sembunyi|Namun senyummu tetap mengikuti|Rasa sesal di dasar hati, diam tak mau pergi|Haruskah aku lari dari kenyataan ini?|Pernah kumencoba tuk sembunyi|Namun senyummu tetap mengikuti"
"Entah",280480,"In Love","2005-12-16",2005,0.56,0.753,2,-6.024,1,0.0334,0.00744,2.34e-06,0.139,0.441,141.96,"D major","Entah mengapa|Aku tak berdaya|Waktu kau bisikkan|Jangan aku kau tinggalkan|Tak tahu dimana|Ada getar terasa|Waktu kau katakan|Ku butuh dekat denganmu|Seperti biasa|Aku diam tak bicara|Hanya mampu pandangi|Bibir tipismu yang menari|Seperti biasa|Aku tak sanggup berjanji|Hanya mampu katakan|Aku cinta kau saat ini|Entah esok hari|Entah lusa nanti|Entah|Sungguh mati betinaku|Aku tak mampu beri sayang yang cantik|Seperti kisah cinta di dalam komik|Sungguh mati betinaku|Buang saja angan angan itu|Lalu cepat peluk aku|Lanjutkan saja langkah kita|Rasalah|Rasalah|Apa yang terasa"
"Sesuatu Yang Tertunda",333240,"In Love","2005-12-16",2005,0.484,0.506,9,-6.746,1,0.0347,0.675,0.000418,0.375,0.221,158.198,"A major","Disini aku sendiri|Menatap relung relung hidup|Aku merasa hidupku|Tak seperti yang ku inginkan|Terhampar begitu banyak|Warna kelam sisi diriku|Seperti yang mereka tahu|Seperti yang mereka tahu|Aku merasa disudutkan kenyataan|Menuntut diriku dan tak sanggup ku melawan|Butakan mataku semua tentang keindahan|Menggugah takutku menantang sendiriku|Temui cinta|Lepaskan rasa|Temui cinta|Lepaskan rasa|Disini aku sendiri|Masih seperti dulu yang takut|Aku merasa hidupku pun surut|Tuk tumpukan harap|Tergambar begitu rupa samar|Seperti yang kurasakan|Kenyataan itu pahit|Kenyataan itu sangatlah pahit|Aku merasa disudutkan kenyataan|Menuntut diriku dan tak sanggup ku melawan|Butakan mataku semua tentang keindahan|Menggugah takutku menantang sendiriku|Temui cinta|Lepaskan rasa|Temui cinta|Lepaskan rasa"
"Buku Ini Aku Pinjam",287186,"15 Hit's No.1","2005-01-01",2005,0.487,0.716,6,-5.536,1,0.0323,0.297,3.18e-06,0.175,0.393,142.787,"F# major","Dikantin depan kelasku disana kenal dirimu|Yang kini tersimpan dihati jalani kisah sembunyi|Dihalte itu kutunggu senyum manismu kekasih|Usai dentang bel sekolah kita nikmati yang ada|Seperti hari yang lain|Kau senyum tersipu malu|Ketika ku sapa engkau|Genggamlah jari ................ Genggamlah hati .................... ini|Memang usia kita muda namun cinta soal hati|Biar mereka bicara telinga kita terkunci|Dia tahu ............... dia rasa...............|Maka tersenyumlah kasih ..................|Tetap langkah .............. Jangan hentikan ..............|Cinta ini milik kita .................. he'eh....................|Buku ini aku pinjam kan kutulis sajak indah|Hanya untukmu seorang .................|Tentang mimpi-mimpi malam|-Rahman Tardjana-"
"Sumbang",388933,"15 Hit's No.1","2005-01-01",2005,0.506,0.795,4,-3.887,0,0.0371,0.413,0.000268,0.166,0.363,92.271,"E minor","Kuatnya belenggu besi|Mengikat kedua kaki|Tajamnya ujung belati|Menghujam di ulu hati|Sanggupkah tak akan lari|Walau akhirnya pasti mati|Di kepala tanpa baja|Di tangan tanpa senjata|Ah itu soal biasa|Yang singgah didepan mata kita|Lusuhnya kain bendera dihalaman rumah kita|Bukan satu alasan untuk kita tinggalkan|Banyaknya persoalan yang datang tak kenal kasihan|Menyerang dalam gelap|Memburu kala haru dengan cara main kayu|Tinggalkan bekas biru lalu pergi tanpa ragu|Memburu kala haru dengan cara main kayu|Tinggalkan bekas biru lalu pergi tanpa ragu|Setan setan politik|Kan datang mencekik|Walau dimasa paceklik|Tetap mencekik|Apakah selamanya politik itu kejam ?|Apakah selamanya dia datang tuk menghantam ?|Ataukah memang itu yang sudah digariskan|Menjilat, menghasut, menindas, memperkosa hak hak sewajarnya|Maling teriak maling|Sembunyi balik dinding|Pengecut lari terkencing kencing|Tikam dari belakang|Lawan lengah diterjang|Lalu sibuk (kasak kusuk) mencari kambing hitam|Selusin kepala tak berdosa|Berteriak hingga serak didalam negeri yang congkak|Lalu senang dalang tertawa|Ya ha ha"
"Aku Sayang Kamu",260760,"15 Hit's No.1","2005-01-01",2005,0.641,0.808,7,-5.179,1,0.0783,0.673,0.00289,0.177,0.664,98.083,"G major","Susah susah mudah kau kudekati|Kucari engkau lari kudiam kau hampiri|Jinak burung dara justru itu kusuka|Bila engkau tertawa hilang semua duka|Gampang naik darah omong tak mau kalah|Kalau datang senang nona cukup ramah|Bila engkau bicara persetan logika|Sedikit keras kepala ah dasar betina|Ku suka kamu|Sungguh suka kamu|Ku perlu kamu|Sungguh perlu kamu|Engkau aku sayang sampai dalam tulang|Banyak orang bilang aku mabuk kepayang|Aku cinta kamu bukan cinta uangmu|Aku puja selalu setiap ada waktu|Ku suka kamu|Sungguh suka kamu|Ku perlu kamu|Sungguh perlu kamu|Langsat kuning cina warna kulit nona|(Rambut kepang dua kadang ekor kuda)|Bibir merah muda lesung pipit pun ada|Wajah cukup lumayan dapat poin enam|Kalau nona berjalan rembulan pun padam"
"Sore Tugu Pancoran",249493,"15 Hit's No.1","2005-01-01",2005,0.536,0.573,0,-3.137,1,0.0305,0.414,0,0.152,0.384,79.776,"C major","Si Budi kecil kuyup menggigil|Menahan dingin tanpa jas hujan|Di simpang jalan tugu pancoran|Tunggu pembeli jajakan koran|Menjelang maghrib hujan tak reda|Si Budi murung menghitung laba|Surat kabar sore dijual malam|Selepas isya melangkah pulang|Anak sekecil itu berkelahi dengan waktu|Demi satu impian yang kerap ganggu tidurmu|Anak sekecil itu sempat nikmati waktu|Dipaksa pecahkan karang lemah jarimu terkepang|Cepat langkah waktu pagi menunggu|Si Budi sibuk siapkan buku|Tugas dari sekolah selesai setengah|Sanggupkah si Budi diam di dua sisi"
"Sarjana Muda",300680,"15 Hit's No.1","2005-01-01",2005,0.306,0.616,2,-5.33,0,0.0299,0.779,0.00593,0.216,0.121,137.06,"D minor","Berjalan seorang pria muda|Dengan jaket lusuh dipundaknya|Disela bibir tampak mengering|Terselip sebatang rumput liar|Jelas menatap awan berarak|Wajah murung semakin terlihat|Dengan langkah gontai tak terarah|Keringat bercampur debu jalanan|Engkau sarjana muda|Resah mencari kerja|Mengandalkan ijazahmu|Empat tahun lamanya|Bergelut dengan buku|Tuk jaminan masa depan|Langkah kakimu terhenti|Didepan halaman sebuah jawatan|Terjenuh lesu engkau melangkah|Dari pintu kantor yang diharapkan|Terngiang kata tiada lowongan|Untuk kerja yang didambakan|Tak perduli berusaha lagi|Namun kata sama kau dapatkan|Jelas menatap awan berarak|Wajah murung semakin terlihat|Engkau sarjana muda|Resah tak dapat kerja|Tak berguna ijazahmu|Empat tahun lamanya|Bergelut dengan buku|Sia sia semuanya|Setengah putus asa dia berucap... maaf ibu..."
"Kemesraan",325106,"15 Hit's No.1","2005-01-01",2005,0.452,0.702,10,-5.484,1,0.0305,0.0446,0,0.197,0.323,176.118,"A# major","Suatu hari|Dikala kita duduk ditepi pantai|Dan memandang|Ombak dilautan yang kian menepi|Burung camar|Terbang bermain diderunya air|Suara alam ini|Hangatkan jiwa kita|Sementara|Sinar surya perlahan mulai tenggelam|Suara gitarmu|Mengalunkan melodi tentang cinta|Ada hati|Membara erat bersatu|Getar seluruh jiwa|Tercurah saat itu|Kemesraan ini|Janganlah cepat berlalu|Kemesraan ini|Ingin kukenang selalu|Hatiku damai|Jiwaku tentram disampingmu|Hatiku damai|Jiwaku tentram bersamamu|Bersamamu"
"Manusia Setengah Dewa",256853,"Manusia 1/2 Dewa","2004-06-08",2004,0.559,0.199,9,-12.333,1,0.0381,0.696,0,0.168,0.13,143.619,"A major","Wahai presiden kami yang baru|Kamu harus dengar suara ini|Suara yang keluar dari dalam goa|Goa yang penuh lumut kebosanan|Walau hidup adalah permainan|Walau hidup adalah hiburan|Tetapi kami tak mau dipermainkan|Dan kami juga bukan hiburan|Turunkan harga secepatnya|Berikan kami pekerjaan|Pasti kuangkat engkau|Menjadi manusia setengah dewa|Masalah moral masalah akhlak|Biar kami cari sendiri|Urus saja moralmu urus saja akhlakmu|Peraturan yang sehat yang kami mau|Tegakkan hukum setegak tegaknya|Adil dan tegas tak pandang bulu|Pasti kuangkat engkau|Menjadi manusia setengah dewa|Masalah moral masalah akhlak|Biar kami cari sendiri|Urus saja moralmu urus saja akhlakmu|Peraturan yang sehat yang kami mau|Turunkan harga secepatnya|Berikan kami pekerjaan|Tegakkan hukum setegak tegaknya|Adil dan tegas tak pandang bulu|Pasti kuangkat engkau|Menjadi manusia setengah dewa|Wahai presiden kami yang baru|Kamu harus dengar suara ini"
"17 Juli 1996",345066,"Manusia 1/2 Dewa","2004-06-08",2004,0.621,0.422,0,-9.791,1,0.0308,0.665,0,0.244,0.574,117.192,"C major","Gonjang ganjing gonggongan anjing|Anjing herder sampai anjing peking|Dar der dor otak digedor|Dengan pelor hati di teror|Ngeles !...|Sas sis sus dengar desas desus|Banyak kasus bikin sakit usus|Hang heng hong berita bohong|Kongkalikong sindikat king kong|Cuek aje !...|Kwek kwek kwek suara bebek|Merem melek denger geledek|Dalam benteng diadu gambreng|Bandar judi tambah mentereng|Untung banyak doâ€™i !...|Sengkuni kilik sana sini|Kurawa dan Pandawa rugi|Dewa dewa kerjanya berpesta|Sambil nyogok bangsa manusia|Hancur !...|Hak asasi hidup disini|Tinggal kata tinggal piagam|Bukan keki bukan bukan patah hati|Sebab hukum berwajah muram|Busyet dah !...|...Habis !..."
"16 Juli 1996",230426,"Manusia 1/2 Dewa","2004-06-08",2004,0.469,0.0774,8,-22.358,0,0.0337,0.803,3.08e-06,0.112,0.364,90.658,"G# minor","Kukenal kamu dari jauh|Tergetar hati melihatmu|Matamu bening|Suaramu bening|Semangatmu hening|Wajahmu lembut|Senyummu lembut|Rambutmu lepas tergerai|Terasa sejuk mengenalmu|Merdeka aku dibuaimu|Jalan yang panjang|Sebatas pandang|Kau tempuh tanpa mengeluh|Tangan terkepal|Berangkatlah kapal|Menuju dermaga sepi|Kunyanyikan hanya untukmu|Puja puji ini karena rindu|Air mata terlanjur tumpah|Membasahi tanah menjadi darah|Dipayungi mega kelabu|Aku tak peduli|Apa yang terjadi|Jangan kau pergi dariku|Akan kutemani|Ke dermaga sepi|Membelai ombak yang biru|Kau bangkitkan aku|Kupanggil kau selalu|Bertahanlah dalam gelombang|Kau buka mataku|Kau sadarkan aku|Janganlah bosan|Kunyanyikan hanya untukmu|Puja puji ini karena rindu|Air mata terlanjur tumpah|Membasahi tanah menjadi darah|Dipayungi mega kelabu"
"Desa",235613,"Manusia 1/2 Dewa","2004-06-08",2004,0.705,0.29,9,-11.218,0,0.0422,0.764,0,0.0891,0.425,120.298,"A minor","Desa harus jadi kekuatan ekonomi|Agar warganya tak hijrah ke kota|Sepinya desa adalah modal utama|Untuk bekerja dan mengembangkan diri|Walau lahan sudah menjadi milik kota|Bukan berarti desa lemah tak berdaya|Desa adalah kekuatan sejati|Negara harus berpihak pada para petani|Entah bagaimana caranya|Desalah masa depan kita|Keyakinan ini datang begitu saja|Karena aku tak mau celaka|Desa adalah kenyataan|Kota adalah pertumbuhan|Desa dan kota tak terpisahkan|Tapi desa harus diutamakan|Di lumbung kita menabung|Datang paceklik kita tak bingung|Masa panen masa berpesta|Itulah harapan kita semua|Tapi tengkulak tengkulak bergentayangan|Tapi lintah darat pun bergentayangan|Untuk apa punya pemerintah|Kalau hidup terus terusan susah|Di lumbung kita menabung|Datang paceklik kita tak bingung|Masa panen masa berpesta|Itulah harapan kita semua|Desa harus jadi kekuatan ekonomi|Agar warganya tak hijrah ke kota|Sepinya desa adalah modal utama|Untuk bekerja dan mengembangkan diri|Desa harus jadi kekuatan ekonomi"
"Para Tentara",329773,"Manusia 1/2 Dewa","2004-06-08",2004,0.421,0.284,9,-11.968,0,0.0352,0.804,0,0.109,0.109,91.518,"A minor","Para tentara jangan pukul kami|Kami tak kuat menahan rasa sakit|Kami disini atas dasar nurani|Atas dasar akal sehat kami yang terus menjerit|Ingin berbuat|Para tentara jangan siksa teman kami|Kami tak kuat untuk membayangkan semuanya|Kami disini karena kami tahu|Mana baik mana buruk benar dan salah|Percayalah|Para tentara kamu kan manusia|Bukan robot apalagi boneka|Para tentara kamu kan beragama|Punya tuhan setidaknya punya cinta|Mengertilah|Para tentara nasib kita sama|Sama sama keras sama sama cadas|Kami mengerti kalau kamu mau mengerti|Karena hati sudah terlanjur tersiksa|Bijaksanalah|Para tentara tidakkah kau melihat|Media massa berlumuran darah|Para tentara tidakkah kau merasa|Kami muak dengan kekerasan|Oh ya berhentilah|Yang kamu banggakan|Hancur sudah|Sia sia senjatamu yang menakutkan|Sia sia kemenangan yang kau raih|Gelombang cinta gelombang kesadaran|Merobek langit yang mendung|Menyongsong hari esok yang lebih baik|Gelombang cinta gelombang kesadaran|Merobek langit yang mendung|Menyongsong hari esok yang lebih baik"
"Politik Uang",318840,"Manusia 1/2 Dewa","2004-06-08",2004,0.625,0.173,6,-13.788,0,0.0406,0.835,4.35e-06,0.109,0.0925,133.33,"F# minor","Boleh saja partai ribuan jumlahnya|Tapi yang menang yang punya uang|Seorang cepek ceng sudah bisa jadi presiden|Begitulah cerita yang berkembang|Gontok gontokan sudah nggak musim|Adu doku ini yang ditunggu tunggu|Pemilu tempat berpestanya uang palsu|Habis kalau nggak gitu nggak lucu|Program program berseliweran|Seperti dongeng jaman kecil dulu|Walau ternyata hanya kibul doang|Tapi kampanye bikin hati senang|Bul kibul tak kibul kibul|Kibul diadu demi perkibulan|Ini sudah dari jaman baheula|Dari jaman raja raja sampai sekarang|Uang adalah bahasa kalbu|Santapan rohani para birokrat|Tentu saja tidak semuanya|Tapi yang pasti banyak yang suka|Jangan heran korupsi menjadi jadi|Habis itulah yang diajarkan|Ideologi jadi komoditi|Bisa diekspor ke luar negeri|Uang adalah bahasa kalbu|Santapan rohani rakyat dan wakil rakyatnya|Tentu saja tidak semuanya|Tapi yang pasti banyak yang suka|Jangan heran korupsi menjadi jadi|Habis itulah yang diajarkan|Ideologi jadi dagangan|Bisa diekspor ke luar negeri"
"Aku Bukan Pilihan",258413,"In Collaboration With","2003-11-06",2003,0.626,0.409,2,-9.241,1,0.0424,0.586,1.25e-05,0.0971,0.23,79.136,"D major","Kini ku mengungkap tanya|Siapakah dirinya|Yang mengaku kekasihmu itu|Aku tak bisa memahami|Ketika malam tiba|Ku rela kau berada|Dengan siapa kau melewatinya|Aku tak bisa memahami|Aku lelaki tak mungkin|Menerimamu bila|Ternyata kau mendua|Membuatku terluka|Tinggalkan saja diriku|Yang tak mungkin menunggu|Jangan pernah memilih|Aku bukan pilihan|Selalu terungkap tanya|Benarkan kini dia|Wanita yang kukenal hatinya|Aku tak bisa memahami|Tak perlu kau memilihku|Aku lelaki|Bukan tuk dipilih|####|Kiniku mengungkapkan|Siapakah dirimu|Yang mengaku kekasih itu|Aku tak bisa memahami...|Ketika malam tiba|Kurela kau bertanya|Dengan siapa kau melewatinya|Aku tak bisa memahami...|Reff:|Aku lelaki tak mungkin menerimamu bila|Ternyata kau mendua membuatku terluka|Tinggalkan saja diriku yang tak mungkin menunggu|Jangan pernah memilih aku bukan pilihan|Selalu terungkap tanya|Benarkah kini dirimu|Wanita yang kukenal hatinya|Aku tak bisa memahami...|(reff)|Tak perlu kau memilihku|Aku lelaki bukan tuk dipilih"
"Senandung Lirih",280920,"In Collaboration With","2003-11-06",2003,0.637,0.681,4,-6.265,0,0.0345,0.0118,1.57e-05,0.148,0.282,120.08,"E minor","Kau wanita terindah|Yang pernah kutaklukkan|Kau kenapa kau pergi|Kenapa kau pergi|Kau wanita terhebat|Yang pernah memelukku|Kau kenapa kau pergi|Kenapa kau pergi|Helai udara disekitarku|Senandung lirih namamu|Tiap sudut kota yang ku datangi|Senandung lirih namamu|Kau wanita termegah|Yang pernah kudapatkan|Kau kemana kau pergi|Kemana kau pergi|Semoga kau temukan apa yang kau cari|Yang tak kau dapatkan dari aku|Semoga kau temukan apa yang kau cari|Yang tak kau dapatkan dari aku|Helai udara disekitarku|Senandung lirih namamu|Kemana pun kau akan melangkah|Aku yang selalu mengenangmu|Kemana pun kau akan melangkah|Aku yang selalu mengenangmu|La la la la la|La la la la la|La la la la la|Ooh"
"Rinduku",254600,"In Collaboration With","2003-11-06",2003,0.51,0.476,11,-8.432,0,0.0374,0.0296,0.000111,0.0973,0.263,73.74,"B minor","Tolong rasakan ungkapan hati|Rasa saling memberi|Agar semakin erat hati kita|Jalani kisah yang ada|Ku tak pernah merasa jemu|Jika kau selalu disampingku|Begitu nyanyian rinduku|Terserah apa katamu|Rambutmu|Matamu|Bibirmu|Ku rindu|Senyummu|Candamu|Tawamu|Ku rindu|Beri aku waktu sedetik lagi|Menatap wajahmu|Esok hari ini atau nanti|Mungkin tak kembali"
"Sesuatu Yang Tertunda",372266,"In Collaboration With","2003-11-06",2003,0.466,0.458,9,-9.699,1,0.035,0.702,0.0038,0.107,0.252,158.191,"A major","Disini aku sendiri|Menatap relung relung hidup|Aku merasa hidupku|Tak seperti yang ku inginkan|Terhampar begitu banyak|Warna kelam sisi diriku|Seperti yang mereka tahu|Seperti yang mereka tahu|Aku merasa disudutkan kenyataan|Menuntut diriku dan tak sanggup ku melawan|Butakan mataku semua tentang keindahan|Menggugah takutku menantang sendiriku|Temui cinta|Lepaskan rasa|Temui cinta|Lepaskan rasa|Disini aku sendiri|Masih seperti dulu yang takut|Aku merasa hidupku pun surut|Tuk tumpukan harap|Tergambar begitu rupa samar|Seperti yang kurasakan|Kenyataan itu pahit|Kenyataan itu sangatlah pahit|Aku merasa disudutkan kenyataan|Menuntut diriku dan tak sanggup ku melawan|Butakan mataku semua tentang keindahan|Menggugah takutku menantang sendiriku|Temui cinta|Lepaskan rasa|Temui cinta|Lepaskan rasa"
"Kupu-Kupu Hitam Putih",368986,"In Collaboration With","2003-11-06",2003,0.56,0.761,7,-6.75,1,0.034,0.00604,4.68e-06,0.261,0.397,98.212,"G major","Menunggu matahari terbit|Di musim hujan|Mendung menjadi teman|Ada juga keindahannya|Butir embun yang ada didaun|Bagai intan berlian|Lebih riang ia berkilauan|Karena matahari tertutup awan|Suara burung burung didahan|Nyanyian alam|Bekerja ia mencari makan|Ada juga yang membuat sarang|Iri aku menyaksikan itu|Tapi kutekan aku harus bersyukur|Berguru pada kenyataan|Pada makhluk Tuhan yang katanya tak berakal|Mendung datang lagi|Setelah hangat sebentar|Butir embun hilang|Aku jadi termenung|Mencari pegangan|Mencoba untuk bersandar|Langit makin hitam|Aku jadi berharap pada hujan|Kupu kupu hitam putih|Terbang di sekitarku|Melihat ia menari|Hatiku terpatri|Sepasang merpati|Bercumbu dibalik awan|Kemudian ia turun menukik|Sujud syukur padanya"
"Belalang Tua",364146,"In Collaboration With","2003-11-06",2003,0.411,0.751,7,-7.098,1,0.143,0.0281,8.89e-06,0.273,0.579,160.464,"G major","Belalang tua diujung daun|Warnanya kuning kecoklat coklatan|Badannya bergoyang ditiup angin|Mulutnya terus saja mengunyah|Tak kenyang kenyang|Sudut mata kananku tak sengaja|Melihat belalang tua yang rakus|Sambil menghisap dalam rokokku|Kutulis syair|Tentang hati yang khawatir|Sebab menyaksikan|Akhir dari kerakusan|Belalang tua|Yang tak kenyang kenyang|Seperti sadar kuperhatikan|Ia berhenti mengunyah|Kepalanya mendongak keatas|Matanya melotot melihatku tak senang|Kakinya mencengkram daun|Empat didepan dua dibelakang|Bergerigi tajam|Sungutnya masih gagah menusuk langit|Berfungsi sebagai radar|Belalang tua masih saja melihat marah kearahku|Aku menjadi grogi dibuatnya|Aku tak tahu apa yang dipikirkan|Tiba tiba angin berhenti mendesir|Daun pun berhenti bergoyang|Walau hampir habis|Daun tak jadi patah|Belalang yang serakah|Berhenti mengunyah|Kisah belalang tua diujung daun|Yang hampir jatuh tetapi tak jatuh|Kisah belalang tua yang berhenti mengunyah|Sebab kubilang tak kenyang kenyang|Kisah belalang tua diujung daun|Yang kakinya berjumlah enam|Kisah belalang tua yang berhenti mengunyah|Sebab kubilang kamu serakah|Belalang tua diujung daun|Dengan tenang meninggalkan harta karun|Warnanya hijau kehitam hitaman|Berserat berlendir|Bulat lonjong sebesar biji kapas|Angin yang berhenti mendesir|Digantikan hujan rintik rintik|Aku yang menulis syair|Tentang hati yang khawatir|Tak tahu kapan|Kisah ini akan berakhir|Kisah belalang tua diujung daun|Yang hampir jatuh tetapi tak jatuh|Kisah belalang tua yang berhenti mengunyah|Sebab kubilang tak kenyang kenyang|Kisah belalang tua diujung daun|Yang kakinya berjumlah enam|Kisah belalang tua yang berhenti mengunyah|Sebab kubilang kamu serakah"
"Buku Ini Aku Pinjam",277253,"Album No.1","2001-01-01",2001,0.557,0.703,7,-7.041,1,0.0367,0.169,0,0.203,0.458,147.458,"G major","Dikantin depan kelasku disana kenal dirimu|Yang kini tersimpan dihati jalani kisah sembunyi|Dihalte itu kutunggu senyum manismu kekasih|Usai dentang bel sekolah kita nikmati yang ada|Seperti hari yang lain|Kau senyum tersipu malu|Ketika ku sapa engkau|Genggamlah jari ................ Genggamlah hati .................... ini|Memang usia kita muda namun cinta soal hati|Biar mereka bicara telinga kita terkunci|Dia tahu ............... dia rasa...............|Maka tersenyumlah kasih ..................|Tetap langkah .............. Jangan hentikan ..............|Cinta ini milik kita .................. he'eh....................|Buku ini aku pinjam kan kutulis sajak indah|Hanya untukmu seorang .................|Tentang mimpi-mimpi malam|-Rahman Tardjana-"
"Kemesraan",325760,"Album No.1","2001-01-01",2001,0.466,0.543,10,-9.571,1,0.031,0.336,0,0.159,0.382,176.105,"A# major","Suatu hari|Dikala kita duduk ditepi pantai|Dan memandang|Ombak dilautan yang kian menepi|Burung camar|Terbang bermain diderunya air|Suara alam ini|Hangatkan jiwa kita|Sementara|Sinar surya perlahan mulai tenggelam|Suara gitarmu|Mengalunkan melodi tentang cinta|Ada hati|Membara erat bersatu|Getar seluruh jiwa|Tercurah saat itu|Kemesraan ini|Janganlah cepat berlalu|Kemesraan ini|Ingin kukenang selalu|Hatiku damai|Jiwaku tentram disampingmu|Hatiku damai|Jiwaku tentram bersamamu|Bersamamu"
"Sarjana Muda",300213,"Album No.1","2001-01-01",2001,0.304,0.457,2,-10.115,0,0.0304,0.665,0.138,0.327,0.0899,136.189,"D minor","Berjalan seorang pria muda|Dengan jaket lusuh dipundaknya|Disela bibir tampak mengering|Terselip sebatang rumput liar|Jelas menatap awan berarak|Wajah murung semakin terlihat|Dengan langkah gontai tak terarah|Keringat bercampur debu jalanan|Engkau sarjana muda|Resah mencari kerja|Mengandalkan ijazahmu|Empat tahun lamanya|Bergelut dengan buku|Tuk jaminan masa depan|Langkah kakimu terhenti|Didepan halaman sebuah jawatan|Terjenuh lesu engkau melangkah|Dari pintu kantor yang diharapkan|Terngiang kata tiada lowongan|Untuk kerja yang didambakan|Tak perduli berusaha lagi|Namun kata sama kau dapatkan|Jelas menatap awan berarak|Wajah murung semakin terlihat|Engkau sarjana muda|Resah tak dapat kerja|Tak berguna ijazahmu|Empat tahun lamanya|Bergelut dengan buku|Sia sia semuanya|Setengah putus asa dia berucap... maaf ibu..."
"Sumbang",389106,"Album No.1","2001-01-01",2001,0.537,0.631,4,-7.307,0,0.0443,0.376,0.00781,0.149,0.388,92.308,"E minor","Kuatnya belenggu besi|Mengikat kedua kaki|Tajamnya ujung belati|Menghujam di ulu hati|Sanggupkah tak akan lari|Walau akhirnya pasti mati|Di kepala tanpa baja|Di tangan tanpa senjata|Ah itu soal biasa|Yang singgah didepan mata kita|Lusuhnya kain bendera dihalaman rumah kita|Bukan satu alasan untuk kita tinggalkan|Banyaknya persoalan yang datang tak kenal kasihan|Menyerang dalam gelap|Memburu kala haru dengan cara main kayu|Tinggalkan bekas biru lalu pergi tanpa ragu|Memburu kala haru dengan cara main kayu|Tinggalkan bekas biru lalu pergi tanpa ragu|Setan setan politik|Kan datang mencekik|Walau dimasa paceklik|Tetap mencekik|Apakah selamanya politik itu kejam ?|Apakah selamanya dia datang tuk menghantam ?|Ataukah memang itu yang sudah digariskan|Menjilat, menghasut, menindas, memperkosa hak hak sewajarnya|Maling teriak maling|Sembunyi balik dinding|Pengecut lari terkencing kencing|Tikam dari belakang|Lawan lengah diterjang|Lalu sibuk (kasak kusuk) mencari kambing hitam|Selusin kepala tak berdosa|Berteriak hingga serak didalam negeri yang congkak|Lalu senang dalang tertawa|Ya ha ha"
"Surat Buat Wakil Rakyat",392306,"Album No.1","2001-01-01",2001,0.402,0.535,0,-11.001,1,0.0967,0.362,0,0.919,0.543,156.626,"C major","Untukmu yang duduk sambil diskusi|Untukmu yang biasa bersafari|Disana di gedung DPR|Wakil rakyat kumpulan orang hebat|Bukan kumpulan teman teman dekat|Apalagi sanak famili|Dihati dan lidahmu kami berharap|Suara kami tolong dengar lalu sampaikan|Jangan ragu jangan takut karang menghadang|Bicaralah yang lantang jangan hanya diam|Dikantong safarimu kami titipkan|Masa depan kami dan negeri ini|Dari Sabang sampai Merauke|Saudara dipilih bukan di lotere|Meski kami tak kenal siapa saudara|Kami tak sudi memilih para juara|Juara diam juara he eh juara hahaha|Untukmu yang duduk sambil diskusi|Untukmu yang biasa bersafari|Disana di gedung DPR|Dihati dan lidahmu kami berharap|Suara kami tolong dengar lalu sampaikan|Jangan ragu jangan takut karang menghadang|Bicaralah yang lantang jangan hanya diam|Wakil rakyat seharusnya merakyat|Jangan tidur waktu sidang soal rakyat|Wakil rakyat bukan paduan suara|Hanya tahu nyanyian lagu ""setuju""|Wakil rakyat seharusnya merakyat|Jangan tidur waktu sidang soal rakyat|Wakil rakyat bukan paduan suara|Hanya tahu nyanyian lagu ""setuju""|Wakil rakyat seharusnya merakyat|Jangan tidur waktu sidang soal rakyat|Wakil rakyat bukan paduan suara|Hanya tahu nyanyian lagu ""setuju""|Wakil rakyat seharusnya merakyat|Jangan tidur waktu sidang soal rakyat|Wakil rakyat bukan paduan suara|Hanya tahu nyanyian lagu ""setuju"""
"Ada Lagi Yang Mati",276800,"Tragedi","2001-01-01",2001,0.66,0.508,9,-11.517,0,0.041,0.0256,8.89e-05,0.0795,0.66,135.161,"A minor","Aku lihat orang yang mati|Diantara tumpukkan sampah|Lehernya berdarah membeku|Bekas pisau lawannya tadi malam|Depan pasar dekat terminal|Pagi itu orang berkerumun|Melihat mayat yang membusuk|Tutup hidung sesekali meludah|Aku lihat orang menangis|Disela gaduhnya suasana|Segera aku menghampiri|Dengan bimbang ku bertanya padanya|Rupanya yang mati sang teman|Teman hitam hidup sepaham|Hanya kisah yang dilewati|Ia berdua ikat tali saudara|Sementara surya mulai tinggi|Panas terasa bakar kepala|Sisa darah orang yang mati|Disimpannya didalam hati|Lalu dia seperti batu|Sampai malam sampai semuanya pergi|Depan pasar dekat terminal|Ada lagi orang yang mati|Lehernya berdarah membeku|Bekas pisau lawannya tadi malam|Sementara surya mulai tinggi|Panas terasa bakar kepala|Dendam ada dimana-mana|Dijantungku dijantungmu|Dijantung hari-hari . . . . . . |Dendam ada dimana-mana . . . . . . . . . . |-Rahman Tardjana-"
"1910",351613,"Tragedi","2001-01-01",2001,0.349,0.536,2,-12.297,1,0.0369,0.246,0.000537,0.796,0.208,144.144,"D major","Apakabar kereta yang terkapar di senin pagi|Di gerbongmu ratusan orang yang mati|Hancurkan mimpi bawa kisah|Air mata . . . . . . . . . . . air mata . . . . . . . . . . . . . |Belum usai peluit belum habis putaran roda|Aku dengar jerit dari Bintaro|Satu lagi catatan sejarah|Air mata . . . . . . . . . . . air mata . . . . . . . . . . . . . |Berdarahkan tuan yang duduk di belakang meja|Atau cukup hanya ucapkan belasungkawa aku bosan|Lalu terangkat semua beban dipundak|Semudah itukah luka-luka terobati . . . . . . . . |Nusantara . . . . . . . . . . . . . . tangismu terdengar lagi|Nusantara . . . . . . . . . . . . . . derita bila terhenti|Bilakah . . . . . . . . . . . . . bilakah . . . . . . . . . . . . |Sembilan belas oktober tanah Jakarta berwarna merah|Meninggalkan tanya yang tak terjawab|Bangkai kereta lemparkan amarah|Air mata . . . . . . . . . . . air mata . . . . . . . . . . . . . |O o o o o o o o o . . . . . . . . . |Nusantara langitmu saksi kelabu|Nusantara terdengar lagi tangismu|Ho . . . . ho . . . . . ho . . . |Nusantara kau simpan kisah kereta|Nusantara kabarkan marah sang duka|Saudaraku pergilah dengan tenang|Sebab luka sudah tak lagi panjang|-Rahman Tardjana-"
"Sore Tugu Pancoran",250653,"Tragedi","2001-01-01",2001,0.612,0.386,0,-10.269,1,0.0351,0.42,0,0.105,0.395,79.807,"C major","Si Budi kecil kuyup menggigil|Menahan dingin tanpa jas hujan|Di simpang jalan tugu pancoran|Tunggu pembeli jajakan koran|Menjelang maghrib hujan tak reda|Si Budi murung menghitung laba|Surat kabar sore dijual malam|Selepas isya melangkah pulang|Anak sekecil itu berkelahi dengan waktu|Demi satu impian yang kerap ganggu tidurmu|Anak sekecil itu sempat nikmati waktu|Dipaksa pecahkan karang lemah jarimu terkepang|Cepat langkah waktu pagi menunggu|Si Budi sibuk siapkan buku|Tugas dari sekolah selesai setengah|Sanggupkah si Budi diam di dua sisi"
"Entah",289840,"Ethiophia","1993-10-03",1993,0.549,0.424,11,-13.806,0,0.0343,0.805,0.158,0.134,0.313,68.849,"B minor","Entah mengapa|Aku tak berdaya|Waktu kau bisikkan|Jangan aku kau tinggalkan|Tak tahu dimana|Ada getar terasa|Waktu kau katakan|Ku butuh dekat denganmu|Seperti biasa|Aku diam tak bicara|Hanya mampu pandangi|Bibir tipismu yang menari|Seperti biasa|Aku tak sanggup berjanji|Hanya mampu katakan|Aku cinta kau saat ini|Entah esok hari|Entah lusa nanti|Entah|Sungguh mati betinaku|Aku tak mampu beri sayang yang cantik|Seperti kisah cinta di dalam komik|Sungguh mati betinaku|Buang saja angan angan itu|Lalu cepat peluk aku|Lanjutkan saja langkah kita|Rasalah|Rasalah|Apa yang terasa"
"Lancar",247480,"Lancar","1993-01-01",1993,0.772,0.851,2,-7.261,1,0.0288,0.0136,7.52e-05,0.295,0.843,116.881,"D major","Sejak palapaku mengorbit ke angkasa|Kemajuan teknologiku semakin menggila|Komunikasipun bertambah mudah|Walau itu jauh di luar kota|Disana sini dan dimana mana|Terlihat berita tentang pembangunan|Terciptalah kini pemerataan|Bangsaku kini telah dipintu kemajuan|Tinggal semua perlu kesadaran|Jangan kita berpangku tangan|Teruskan hasil perjuangan|Dengan jalan apa saja yang pasti kita temukan|Asal jangan pembangunan|Dijadikan korban|Asal jangan pembangunan|Hanya untuk si tuan Polan|Disana sini dan dimana mana|Terlihat berita tentang pembangunan|Terciptalah kini pemerataan|Bangsaku kini sudah diambang kemajuan|Tinggal semua perlu kesadaran|Jangan kita berpangku tangan|Teruskan hasil perjuangan|Dengan jalan apa saja yang pasti kita temukan|Asal jangan pembangunan|Dibuat kesempatan|Asal jangan pembangunan|Dijadikan korban|Asal jangan pembangunan|Bikin resah kaum susah|Asal jangan pembangunan|Bikin mandul hutan gundul|Asal jangan pembangunan|Bikin gendut kulit perut|Asal jangan pembangunan|Bikin subur kaum makmur|Asal jangan pembangunan|Bikin kotor meja kantor|Asal jangan pembangunan|Buat senang cacing cacing"
"Kota",297080,"Lancar","1993-01-01",1993,0.613,0.872,7,-7.334,0,0.0348,0.0016,0.0835,0.623,0.619,105.97,"G minor","Kota adalah rimba|Belantara buas|Dari yang terbuas...|Setiap jengkal lorong|Dan pecik darah|Darah dari iri...|Darah dari benci|Bahkan darah dari sesuatu|Yang tak pasti...|Kota adalah rimba belantara|Liar dari yang terliar...|Setiap detik lidah-lidah liar|Rakus menjulur lapar...|Tangis bayi adalah lolong|Srigala... Di bawah bulan...|Lengking tinggi merobek|Batu-batu tebing keras dan kejam|Bernafas diantara sikut|Licik dan garang|Bergerak diantara ganasnya|Selaksa karat...|Kota adalah hutan belantara|Akal|Kuat dan berakar...|Menjurai...|Di depan mata... Siap|Menjerat...|Di depan mata...|Siap menjerat...|Leher kita..."
"Buku Ini Aku Pinjam",287253,"1910","1993-01-01",1993,0.496,0.654,6,-7.859,1,0.0351,0.366,7.94e-06,0.194,0.41,143.719,"F# major","Dikantin depan kelasku disana kenal dirimu|Yang kini tersimpan dihati jalani kisah sembunyi|Dihalte itu kutunggu senyum manismu kekasih|Usai dentang bel sekolah kita nikmati yang ada|Seperti hari yang lain|Kau senyum tersipu malu|Ketika ku sapa engkau|Genggamlah jari ................ Genggamlah hati .................... ini|Memang usia kita muda namun cinta soal hati|Biar mereka bicara telinga kita terkunci|Dia tahu ............... dia rasa...............|Maka tersenyumlah kasih ..................|Tetap langkah .............. Jangan hentikan ..............|Cinta ini milik kita .................. he'eh....................|Buku ini aku pinjam kan kutulis sajak indah|Hanya untukmu seorang .................|Tentang mimpi-mimpi malam|-Rahman Tardjana-"
"Ada Lagi Yang Mati",283480,"1910","1993-01-01",1993,0.6,0.751,4,-6.373,1,0.0797,0.366,0.000133,0.875,0.692,129.459,"E major","Aku lihat orang yang mati|Diantara tumpukkan sampah|Lehernya berdarah membeku|Bekas pisau lawannya tadi malam|Depan pasar dekat terminal|Pagi itu orang berkerumun|Melihat mayat yang membusuk|Tutup hidung sesekali meludah|Aku lihat orang menangis|Disela gaduhnya suasana|Segera aku menghampiri|Dengan bimbang ku bertanya padanya|Rupanya yang mati sang teman|Teman hitam hidup sepaham|Hanya kisah yang dilewati|Ia berdua ikat tali saudara|Sementara surya mulai tinggi|Panas terasa bakar kepala|Sisa darah orang yang mati|Disimpannya didalam hati|Lalu dia seperti batu|Sampai malam sampai semuanya pergi|Depan pasar dekat terminal|Ada lagi orang yang mati|Lehernya berdarah membeku|Bekas pisau lawannya tadi malam|Sementara surya mulai tinggi|Panas terasa bakar kepala|Dendam ada dimana-mana|Dijantungku dijantungmu|Dijantung hari-hari . . . . . . |Dendam ada dimana-mana . . . . . . . . . . |-Rahman Tardjana-"
"Ibu",173560,"1910","1993-01-01",1993,0.46,0.469,6,-8.829,0,0.031,0.53,0.000167,0.263,0.27,80.998,"F# minor","Ribuan kilo jalan yang kau tempuh|Lewati rintang untuk aku anakmu|Ibuku sayang masih terus berjalan|Walau tapak kaki, penuh darah... penuh nanah|Seperti udara... kasih yang engkau berikan|Tak mampu ku membalas...ibu...ibu|Ingin kudekat dan menangis di pangkuanmu|Sampai aku tertidur, bagai masa kecil dulu|Lalu doa-doa baluri sekujur tubuhku|Dengan apa membalas...ibu...ibu....|Seperti udara... kasih yang engkau berikan|Tak mampu ku membalas...ibu...ibu"
"Mimpi Yang Terbeli",252120,"1910","1993-01-01",1993,0.668,0.69,0,-6.423,1,0.0478,0.581,0,0.508,0.761,117.719,"C major","Mimpi yang terbeli|Berjalan di situ...di pusat pertokoan|Melihat-lihat barang-barang yang jenisnya|Beraneka ragam|Cari apa di sana....pasti tersedia|Asal uang di kantong cukup|Itu tak ada soal|Aku ingin membeli..kamu ingin membeli|Kita ingin membeli...semua orang ingin membeli|Apa yang dibeli...mimpi yang terbeli...|Tiada pilihan selain mencuri..|Sampai kapan mimpi-mimpi itu kita beli|Sampai nanti sampai habis terjual harga diri|Sampai kapan harga-harga itu melambung tinggi|Sampai nanti sampai kita tak bisa bermimpi|Segala produksi ada disini|Menggoda kita 'tuk memiliki|Hari-hari kita berisi hasutan|Hingga kita tak tau diri sendiri|Melihat anak kecil mencuri mainan|Yang bergaya tak terjangkau olh bapaknya|Yang maling"
"Semoga Saja Kau Benar",298933,"1910","1993-01-01",1993,0.431,0.585,3,-7.63,0,0.0367,0.274,0.000739,0.439,0.0808,132.441,"D# minor","Berbondong-bondong orang cumbui angan dibibir pelabuhan|Tinggalkan tanah lahir desa tercinta menuju pulau surga|Selamat tinggal semua bukan aku tak cinta|Tiada lagi tersisa bahkan mimpi kubawa|Isak tangisan bayi dalam gendongan tak goyahkan lamunan|Raung sirine kapal jangkar diangkat segeralah berlayar|Selamat tinggal semua bukan aku tak cinta|Tiada lagi tersisa bahkan mimpi kubawa|A a a a a a a . . . . . . a a a . . . . . . a . . . . . . ( 7x )|Perlahan-lahan kapal jauhi tepi malas mengangkut mimpi|Mercusuar dermaga dan burung camar mengusap air mata|Selamat jalan kawan bukan aku tak cinta|Mungkin saja kau benar semoga saja kau benar|A a a a a a a . . . . . . a a a . . . . . . a . . . . . . ( 33x )|Selamat jalan kawan s'moga kau benar ( 99x )|Selamat jalan . . . . . . selamat jalan . . . . . (1000x)|-Rahman Tardjana-"
"Pesawat Tempurku",287360,"1910","1993-01-01",1993,0.571,0.754,9,-7.864,1,0.0696,0.746,0.456,0.108,0.707,142.225,"A major","Waktu kau lewat|Aku sedang mainkan gitar|Sebuah lagu yang kunyanyikan|Tentang dirimu|Seperti kemarin|Kamu hanya lemparkan senyum|Lalu pergi begitu saja|Bagai pesawat tempur|Hei kau yang manis|Singgahlah dan ikut bernyanyi|Sebentar saja nona|Sebentar saja hanya sebentar|Rayuan mautku|Tak membuat kau jadi galak|Bagai seorang diplomat ulung|Engkau mengelak|Kalau saja aku bukanlah penganggur|Sudah kupacari kau|Jangan bilang tidak bilang saja iya|Iya lebih baik daripada kau menangis|Penguasa penguasa|Berilah hambamu uang|Beri hamba uang|Beri hamba uang|Penguasa penguasa|Berilah hambamu uang|Beri hamba uang|Beri hamba uang|Beri hamba uang|Beri hamba uang|Oh ya andaikata|Dunia tak punya tentara|Tentu tak ada perang|Yang banyak makan biaya|Oh oh ya andaikata|Dana perang buat diriku|Tentu kau mau singgah|Bukan cuma tersenyum|Kalau hanya senyum yang engkau berikan|Westerling pun tersenyum|Bersinggahlah sayang pesawat tempurku|Mendarat mulus didalam sanubariku|Penguasa penguasa|Berilah hambamu uang|Beri hamba uang|Beri hamba uang|Penguasa penguasa|Berilah hambamu uang|Beri hamba uang|Beri hamba uang|Beri hamba uang|Beri hamba uang|Beri hamba uang|Beri hamba uang|Beri hamba uang|Beri hamba uang|Beri hamba uang|Beri hamba uang|Beri hamba uang|Beri hamba uang|Beri hamba uang"
"1910",348453,"1910","1993-01-01",1993,0.395,0.604,2,-9.521,1,0.0321,0.749,0.121,0.339,0.223,143.327,"D major","Apakabar kereta yang terkapar di senin pagi|Di gerbongmu ratusan orang yang mati|Hancurkan mimpi bawa kisah|Air mata . . . . . . . . . . . air mata . . . . . . . . . . . . . |Belum usai peluit belum habis putaran roda|Aku dengar jerit dari Bintaro|Satu lagi catatan sejarah|Air mata . . . . . . . . . . . air mata . . . . . . . . . . . . . |Berdarahkan tuan yang duduk di belakang meja|Atau cukup hanya ucapkan belasungkawa aku bosan|Lalu terangkat semua beban dipundak|Semudah itukah luka-luka terobati . . . . . . . . |Nusantara . . . . . . . . . . . . . . tangismu terdengar lagi|Nusantara . . . . . . . . . . . . . . derita bila terhenti|Bilakah . . . . . . . . . . . . . bilakah . . . . . . . . . . . . |Sembilan belas oktober tanah Jakarta berwarna merah|Meninggalkan tanya yang tak terjawab|Bangkai kereta lemparkan amarah|Air mata . . . . . . . . . . . air mata . . . . . . . . . . . . . |O o o o o o o o o . . . . . . . . . |Nusantara langitmu saksi kelabu|Nusantara terdengar lagi tangismu|Ho . . . . ho . . . . . ho . . . |Nusantara kau simpan kisah kereta|Nusantara kabarkan marah sang duka|Saudaraku pergilah dengan tenang|Sebab luka sudah tak lagi panjang|-Rahman Tardjana-"
"Belum Ada Judul",242233,"Belum Ada Judul","1992",1992,0.429,0.49,7,-7.76,1,0.0279,0.377,0.00231,0.343,0.258,79.697,"G major","Pernah kita sama sama susah|Terperangkap didingin malam|Terjerumus dalam lubang jalanan|Digilas kaki sang waktu yang sombong|Terjerat mimpi yang indah|Lelah|Pernah kita sama sama rasakan|Panasnya mentari hanguskan hati|Sampai saat kita nyaris tak percaya|Bahwa roda nasib memang berputar|Sahabat masih ingatkah|Kau|Sementara hari terus berganti|Engkau pergi dengan dendam membara|Dihati|Cukup lama aku jalan sendiri|Tanpa teman yang sanggup mengerti|Hingga saat kita jumpa hari ini|Tajamnya matamu tikam jiwaku|Kau tampar bangkitkan aku|Sobat|Sementara hari terus berganti|Engkau pergi dengan dendam membara|Dihati"
"Lagu Cinta",343954,"Belum Ada Judul","1992",1992,0.588,0.872,11,-0.684,0,0.0294,0.746,1.27e-06,0.126,0.282,116.352,"B minor","Aku tak tahu harus mulai dari mana?|Aku tak tahu harus menulis apa?|Ditanganku duka|Ditanganku suka|Lagu cinta ingin kunyanyikan|Namun lidahku kaku hatiku beku|Aku rindu|Aku tak tahu|Lagu cinta dimana kamu?|Mencari apa yang dicari|Menunggu apa yang ditunggu|Aku merasa dikejar waktu|Mencari apa yang dicari|Menunggu apa yang ditunggu|Aku merasa dikejar waktu|Dari mana kamu datang?|Aku tak mendengar langkahmu|Lagu cinta|Pelan pelan bangunkan aku|Mencari apa yang dicari|Menunggu apa yang ditunggu|Aku merasa dikejar waktu|Mencari apa yang dicari|Menunggu apa yang ditunggu|Aku merasa dikejar waktu|Mencari apa yang dicari|Menunggu apa yang ditunggu|Aku merasa dikejar waktu|( Mencari apa yang dicari )|Mencari apa yang dicari|Menunggu apa yang ditunggu|Aku merasa dikejar waktu"
"Panggilan Dari Gunung",217182,"Belum Ada Judul","1992",1992,0.602,0.846,3,-0.302,1,0.0248,0.444,0.0166,0.139,0.31,100.345,"D# major","Panggilan dari gunung|Turun ke lembah-lembah|Kenapa nadamu murung|Langkah kaki gelisah|Matamu separuh katup|Lihat kolam seperti danau|Kau bawa persoalan|Cerita duka melulu|Disini . . . . . . . . menunggu|Cerita . . . . . . . . yang lain|Berapa lama diam|Cermin katakan bangkit|Pohon-pohon terkurung|Kura-kura terbius|-Rahman Tardjana-"
"Satu Satu",276271,"Belum Ada Judul","1992",1992,0.474,0.49,9,-6.702,1,0.0249,0.848,0.00114,0.133,0.32,92.222,"A major","Satu satu daun berguguran|Jatuh ke bumi dimakan usia|Tak terdengar tangis tak terdengar tawa|Redalah reda|Satu satu tunas muda bersemi|Mengisi hidup gantikan yang tua|Tak terdengar tangis tak terdengar tawa|Redalah reda|Waktu terus bergulir|Semuanya mesti terjadi|Daun daun berguguran|Tunas tunas muda bersemi|Satu satu daun jatuh kebumi|Satu satu tunas muda bersemi|Tak guna menangis tak guna tertawa|Redalah reda|Waktu terus bergulir|Kita akan pergi dan ditinggal pergi|Redalah tangis redalah tawa|Tunas tunas muda bersemi|Waktu terus bergulir|Semuanya mesti terjadi|Daun daun berguguran|Tunas tunas muda bersemi"
"15 Juli 1996",320973,"Suara Hati","1990-06-08",1990,0.405,0.847,4,-7.103,0,0.0584,0.00497,4.14e-05,0.343,0.463,92.001,"E minor","Kalau kau datang|Hatiku senang|Berbunga bunga|Bulan dan bintang|Terangi malam|Sehabis hujan|Saling bicara|Tukar cerita|Berbagi rasa|Aku disini|Tetap di tepi|Masih bernyanyi|Dunia sedang dilanda kalut|Alam semesta seperti merintih|Kau dengarkah?|Aku tak bisa|Untuk tak peduli|Hati tersiksa|Aku bersumpah|Untuk berbuat|Yang aku bisa|Harus ada yang dikerjakan|Agar kehidupan berjalan wajar|Hidup hanya sekali wahai kawan|Aku tak mau mati dalam keraguan|Kalau kau datang"
"Belalang Tua",405013,"Suara Hati","1990-06-08",1990,0.531,0.839,7,-6.806,1,0.0634,0.0579,0,0.353,0.746,150.865,"G major","Belalang tua diujung daun|Warnanya kuning kecoklat coklatan|Badannya bergoyang ditiup angin|Mulutnya terus saja mengunyah|Tak kenyang kenyang|Sudut mata kananku tak sengaja|Melihat belalang tua yang rakus|Sambil menghisap dalam rokokku|Kutulis syair|Tentang hati yang khawatir|Sebab menyaksikan|Akhir dari kerakusan|Belalang tua|Yang tak kenyang kenyang|Seperti sadar kuperhatikan|Ia berhenti mengunyah|Kepalanya mendongak keatas|Matanya melotot melihatku tak senang|Kakinya mencengkram daun|Empat didepan dua dibelakang|Bergerigi tajam|Sungutnya masih gagah menusuk langit|Berfungsi sebagai radar|Belalang tua masih saja melihat marah kearahku|Aku menjadi grogi dibuatnya|Aku tak tahu apa yang dipikirkan|Tiba tiba angin berhenti mendesir|Daun pun berhenti bergoyang|Walau hampir habis|Daun tak jadi patah|Belalang yang serakah|Berhenti mengunyah|Kisah belalang tua diujung daun|Yang hampir jatuh tetapi tak jatuh|Kisah belalang tua yang berhenti mengunyah|Sebab kubilang tak kenyang kenyang|Kisah belalang tua diujung daun|Yang kakinya berjumlah enam|Kisah belalang tua yang berhenti mengunyah|Sebab kubilang kamu serakah|Belalang tua diujung daun|Dengan tenang meninggalkan harta karun|Warnanya hijau kehitam hitaman|Berserat berlendir|Bulat lonjong sebesar biji kapas|Angin yang berhenti mendesir|Digantikan hujan rintik rintik|Aku yang menulis syair|Tentang hati yang khawatir|Tak tahu kapan|Kisah ini akan berakhir|Kisah belalang tua diujung daun|Yang hampir jatuh tetapi tak jatuh|Kisah belalang tua yang berhenti mengunyah|Sebab kubilang tak kenyang kenyang|Kisah belalang tua diujung daun|Yang kakinya berjumlah enam|Kisah belalang tua yang berhenti mengunyah|Sebab kubilang kamu serakah"
"Seperti Matahari",275973,"Suara Hati","1990-06-08",1990,0.483,0.506,4,-9.288,1,0.0298,0.12,0,0.356,0.401,138.118,"E major","Keinginan adalah sumber penderitaan|Tempatnya didalam pikiran|Tujuan bukan utama|Yang utama adalah prosesnya|Kita hidup mencari bahagia|Harta dunia kendaraannya|Bahan bakarnya budi pekerti|Itulah nasehat para nabi|Ingin bahagia derita didapat|Karena ingin sumber derita|Harta dunia jadi penggoda|Membuat miskin jiwa kita|Ada benarnya nasehat orang orang suci|Memberi itu terangkan hati|Seperti matahari|Yang menyinari bumi|Yang menyinari bumi|Ingin bahagia derita didapat|Karena ingin sumber derita|Harta dunia jadi penggoda|Membuat miskin jiwa kita|Keinginan adalah sumber penderitaan"
"Dendam Damai",326106,"Suara Hati","1990-06-08",1990,0.652,0.775,4,-6.056,0,0.0271,0.125,0,0.407,0.641,99.963,"E minor","Tak habis pikir aku tak mengerti|Mengapa ada orang yang senang membunuh ?|Hanya karena uang semata|Atau demi kuasa dan nama|Bagi kita rakyat biasa|Tak berdaya ditodong senjata|Mencuri hidup yang hanya sekali|Hanya berdoa yang kita bisa|Dendam dendam celaka|Menghasut kita tak jemu menggoda|Damai damai dimana|Bersembunyi tak ada wujudnya|Kapan berakhirnya situasi seperti ini ?|Tidak bisakah kita saling berpelukan ?|Bukankah indah hidup bersama|Saling berbagi saling menyinta|Terasa hangat sampai ke jiwa|Memancar ke penjuru dunia|Jangan goyah percayalah teman|Perang itu melawan diri sendiri|Selamat datang kemerdekaan|Kalau kita mampu menahan diri|Dendam dendam celaka|Menghasut kita tak jemu menggoda|Damai damai dimana|Bersembunyi tak ada wujudnya|Kapan berakhirnya situasi seperti ini ?|Tidak bisakah kita saling berpelukan ?|Tak habis pikir aku tak mengerti|Mengapa ada orang yang senang membunuh ?|Hanya karena uang semata|Atau demi kuasa dan nama|Hanya karena itu semua|Rela hancurkan tanah tercinta|Rela hancurkan tanah tercinta"
"Kemesraan",331693,"Antara Aku, Kau dan Bekas Pacarmu","1988-05-20",1988,0.627,0.39,10,-14.47,1,0.0287,0.548,0.00034,0.129,0.385,88.513,"A# major","Suatu hari|Dikala kita duduk ditepi pantai|Dan memandang|Ombak dilautan yang kian menepi|Burung camar|Terbang bermain diderunya air|Suara alam ini|Hangatkan jiwa kita|Sementara|Sinar surya perlahan mulai tenggelam|Suara gitarmu|Mengalunkan melodi tentang cinta|Ada hati|Membara erat bersatu|Getar seluruh jiwa|Tercurah saat itu|Kemesraan ini|Janganlah cepat berlalu|Kemesraan ini|Ingin kukenang selalu|Hatiku damai|Jiwaku tentram disampingmu|Hatiku damai|Jiwaku tentram bersamamu|Bersamamu"
"Entah",293520,"Antara Aku, Kau dan Bekas Pacarmu","1988-05-20",1988,0.686,0.398,11,-13.53,0,0.0375,0.439,0.00162,0.0849,0.329,139.182,"B minor","Entah mengapa|Aku tak berdaya|Waktu kau bisikkan|Jangan aku kau tinggalkan|Tak tahu dimana|Ada getar terasa|Waktu kau katakan|Ku butuh dekat denganmu|Seperti biasa|Aku diam tak bicara|Hanya mampu pandangi|Bibir tipismu yang menari|Seperti biasa|Aku tak sanggup berjanji|Hanya mampu katakan|Aku cinta kau saat ini|Entah esok hari|Entah lusa nanti|Entah|Sungguh mati betinaku|Aku tak mampu beri sayang yang cantik|Seperti kisah cinta di dalam komik|Sungguh mati betinaku|Buang saja angan angan itu|Lalu cepat peluk aku|Lanjutkan saja langkah kita|Rasalah|Rasalah|Apa yang terasa"
"Aku Sayang Kamu",260839,"Aku Sayang Kamu","1986-01-01",1986,0.678,0.776,7,-7.694,1,0.0557,0.191,0.000114,0.191,0.611,98.124,"G major","Susah susah mudah kau kudekati|Kucari engkau lari kudiam kau hampiri|Jinak burung dara justru itu kusuka|Bila engkau tertawa hilang semua duka|Gampang naik darah omong tak mau kalah|Kalau datang senang nona cukup ramah|Bila engkau bicara persetan logika|Sedikit keras kepala ah dasar betina|Ku suka kamu|Sungguh suka kamu|Ku perlu kamu|Sungguh perlu kamu|Engkau aku sayang sampai dalam tulang|Banyak orang bilang aku mabuk kepayang|Aku cinta kamu bukan cinta uangmu|Aku puja selalu setiap ada waktu|Ku suka kamu|Sungguh suka kamu|Ku perlu kamu|Sungguh perlu kamu|Langsat kuning cina warna kulit nona|(Rambut kepang dua kadang ekor kuda)|Bibir merah muda lesung pipit pun ada|Wajah cukup lumayan dapat poin enam|Kalau nona berjalan rembulan pun padam"
"Lho",256493,"Aku Sayang Kamu","1986-01-01",1986,0.831,0.591,0,-10.745,1,0.0408,0.108,0.398,0.0662,0.757,129.153,"C major","Kuberlari bersama hati|Memandang sejuta pilihan|Kuikuti kehendak hati|Bersama tawa antara kita|Yang seakan lupa diri|Kumemilih kaupun pilih...|Sendiri...|Tanpa kompromi dan kita|Ingin...|Aku dapati yang 'kan kucari|Dan sore s'galanya mimpi|Sejuta selera yang tak|Berbeda|Tak akan juga berbunga nyata|Pikirlah lagi sebelum|Kau jadi|Banyak hari yang 'kan pasti|Dan hari terus berganti|Silakan cari..."
"Kota",192266,"Aku Sayang Kamu","1986-01-01",1986,0.562,0.437,4,-9.852,0,0.0272,0.625,0.0853,0.238,0.311,92.796,"E minor","Kota adalah rimba|Belantara buas|Dari yang terbuas...|Setiap jengkal lorong|Dan pecik darah|Darah dari iri...|Darah dari benci|Bahkan darah dari sesuatu|Yang tak pasti...|Kota adalah rimba belantara|Liar dari yang terliar...|Setiap detik lidah-lidah liar|Rakus menjulur lapar...|Tangis bayi adalah lolong|Srigala... Di bawah bulan...|Lengking tinggi merobek|Batu-batu tebing keras dan kejam|Bernafas diantara sikut|Licik dan garang|Bergerak diantara ganasnya|Selaksa karat...|Kota adalah hutan belantara|Akal|Kuat dan berakar...|Menjurai...|Di depan mata... Siap|Menjerat...|Di depan mata...|Siap menjerat...|Leher kita..."
"Sore Tugu Pancoran",249226,"Sore Tugu Pancoran","1985-06-08",1985,0.563,0.516,0,-6.293,1,0.0355,0.371,0,0.17,0.354,79.814,"C major","Si Budi kecil kuyup menggigil|Menahan dingin tanpa jas hujan|Di simpang jalan tugu pancoran|Tunggu pembeli jajakan koran|Menjelang maghrib hujan tak reda|Si Budi murung menghitung laba|Surat kabar sore dijual malam|Selepas isya melangkah pulang|Anak sekecil itu berkelahi dengan waktu|Demi satu impian yang kerap ganggu tidurmu|Anak sekecil itu sempat nikmati waktu|Dipaksa pecahkan karang lemah jarimu terkepang|Cepat langkah waktu pagi menunggu|Si Budi sibuk siapkan buku|Tugas dari sekolah selesai setengah|Sanggupkah si Budi diam di dua sisi"
"Sugali",292026,"Sugali","1984-07-08",1984,0.64,0.748,0,-7.286,1,0.044,0.0695,0,0.419,0.89,116.753,"C major","Sua sua sua suara berita|Tertulis dalam koran|Tentang seorang lelaki yang sering keluar masuk bui|Jadi buronan polisi|Dar der dor suara senapan|Sugali anggap petasan|Tiada rasa ketakutan punya ilmu kebal senapan|Semakin lupa daratan|Lihat sugali menari|Di lokasi WTS kelas teri|Asik lembur sampai pagi|Usai garong hambur uang peduli setan|Di di du Di du da di du|Di di du di du du|Di di du Di du da di du|Di du da di du di da di du di da du|Ramai gunjing tentang dirimu|Yang tak juga hinggap rasa jemu|Suram hari depanmu|Rasa was was mata beringas|Menunggu datang peluru yang panas|Di waktu hari naas|Oh bisik jangkrik ditengah malam|Tenggelam dalam suara letusan|Kata berita di mana mana|Tentang Sugali tak tenang lagi dan lari sembunyi|Tar ter tor suara senapan|Sugali anggap petasan|Tiada rasa ketakutan punya ilmu kebal senapan|Sugali makin keranjingan|Lihat sugali menari|Di lokasi WTS kelas teri|Asik joget sampai lecet|Genit gelitik cewek binal paling busyet|Di di du Di du da di du|Di di du di du du|Di di du Di du da di du|Di du da di du di da di du di da du"
"Serdadu",309346,"Sugali","1984-07-08",1984,0.455,0.776,2,-6.667,1,0.0433,0.0501,4.76e-05,0.0906,0.901,138.295,"D major","Isi kepala di balik topi baja|Semua serdadu pasti tak jauh berbeda|Tak peduli perwira bintara atau tamtama|Tetap tentara|Kata berita gagah perkasa|Apalagi sedang kokang senjata|Persetan siapa saja musuhnya|Perintah datang karang pun dihantam|Serdadu seperti peluru|Tekan picu melesat tak ragu|Serdadu seperti belati|Tak dirawat tumpul dan berkarat|Umpan bergizi titah bapak menteri|Apakah sudah terbukti ?|Bila saja masih ada buruknya kabar burung|Tentang jatah prajurit yang di kentit|Serdadu seperti peluru|Tekan picu melesat tak ragu|Serdadu seperti belati|Tak dirawat tumpul dan berkarat|Lantang suaramu otot kawat tulang besi|Susu telur kacang hijau ekstra gizi|Runtuh dan tegaknya keadilan negeri ini|Serdadu harus tahu pasti|Serdadu baktimu kami tunggu|Tolong kantongkan tampang serammu|Serdadu rabalah dada kami|Gunakan hati jangan pakai belati|Serdadu jangan mau di suap|Tanah ini jelas meratap|Serdadu hoi jangan lemah syahwat|Nyonya pertiwi tak sudi melihat"
"Berkacalah Jakarta",236613,"Sugali","1984-07-08",1984,0.513,0.769,7,-7.576,1,0.0303,0.00752,0,0.293,0.825,134.537,"G major","Langkahmu cepat seperti terburu|Berlomba dengan waktu|Apa yang kau cari belumkah kau dapati|Diangkuh gedung gedung tinggi|Riuh pesta pora sahabat sejati|Yang hampir selalu saja ada|Isyaratkan enyahlah pribadi|Lari kota Jakarta lupa kaki yang luka|Mengejek langkah kura kura|Ingin sesuatu tak ingat bebanmu|Atau itu ulahmu kota|Ramaikan mimpi indah penghuni|Jangan kau paksakan untuk berlari|Angkuhmu tak peduli|Luka di kaki|Jangan kau paksakan untuk tetap terus berlari|Bila luka di kaki belum terobati|Berkacalah Jakarta|Lari kota Jakarta lupa kaki yang luka|Mengejek langkah kura kura|Ingin sesuatu tak ingat bebanmu|Atau itu ulahmu kota|Ramaikan mimpi indah penghuni|Jangan kau paksakan untuk berlari|Angkuhmu tak peduli|Luka di kaki|Jangan kau paksakan untuk tetap terus berlari|Bila luka di kaki belum terobati|Berkacalah Jakarta"
"Sumbang",388866,"Sumbang","1983-07-08",1983,0.506,0.658,4,-7.308,0,0.0449,0.459,0.0659,0.136,0.366,92.049,"E minor","Kuatnya belenggu besi|Mengikat kedua kaki|Tajamnya ujung belati|Menghujam di ulu hati|Sanggupkah tak akan lari|Walau akhirnya pasti mati|Di kepala tanpa baja|Di tangan tanpa senjata|Ah itu soal biasa|Yang singgah didepan mata kita|Lusuhnya kain bendera dihalaman rumah kita|Bukan satu alasan untuk kita tinggalkan|Banyaknya persoalan yang datang tak kenal kasihan|Menyerang dalam gelap|Memburu kala haru dengan cara main kayu|Tinggalkan bekas biru lalu pergi tanpa ragu|Memburu kala haru dengan cara main kayu|Tinggalkan bekas biru lalu pergi tanpa ragu|Setan setan politik|Kan datang mencekik|Walau dimasa paceklik|Tetap mencekik|Apakah selamanya politik itu kejam ?|Apakah selamanya dia datang tuk menghantam ?|Ataukah memang itu yang sudah digariskan|Menjilat, menghasut, menindas, memperkosa hak hak sewajarnya|Maling teriak maling|Sembunyi balik dinding|Pengecut lari terkencing kencing|Tikam dari belakang|Lawan lengah diterjang|Lalu sibuk (kasak kusuk) mencari kambing hitam|Selusin kepala tak berdosa|Berteriak hingga serak didalam negeri yang congkak|Lalu senang dalang tertawa|Ya ha ha"
"Sarjana Muda",300853,"Sarjana Muda","1981-01-01",1981,0.331,0.62,2,-6.181,0,0.031,0.648,0.0793,0.315,0.12,66.772,"D minor","Berjalan seorang pria muda|Dengan jaket lusuh dipundaknya|Disela bibir tampak mengering|Terselip sebatang rumput liar|Jelas menatap awan berarak|Wajah murung semakin terlihat|Dengan langkah gontai tak terarah|Keringat bercampur debu jalanan|Engkau sarjana muda|Resah mencari kerja|Mengandalkan ijazahmu|Empat tahun lamanya|Bergelut dengan buku|Tuk jaminan masa depan|Langkah kakimu terhenti|Didepan halaman sebuah jawatan|Terjenuh lesu engkau melangkah|Dari pintu kantor yang diharapkan|Terngiang kata tiada lowongan|Untuk kerja yang didambakan|Tak perduli berusaha lagi|Namun kata sama kau dapatkan|Jelas menatap awan berarak|Wajah murung semakin terlihat|Engkau sarjana muda|Resah tak dapat kerja|Tak berguna ijazahmu|Empat tahun lamanya|Bergelut dengan buku|Sia sia semuanya|Setengah putus asa dia berucap... maaf ibu..."
"Yang Terlupakan",295946,"Sarjana Muda","1981-01-01",1981,0.37,0.514,2,-5.479,1,0.0302,0.0409,0.00115,0.283,0.17,126.978,"D major","Denting piano|Kala jemari menari|Nada merambat pelan|Di kesunyian malam|Saat datang rintik hujan|Bersama setiap bayang|Yang pernah terlupakan|Hati kecil berbisik|Untuk kembali padanya|S'ribu kata menggoda|S'ribu sesal di depan mata|Seperti menjelma|Waktu aku tertawa|Kala memberimu dosa|Ooo...maafkanlah|Ooo...maafkanlah|Rasa sesal di dasar hati, diam tak mau pergi|Haruskah aku lari dari kenyataan ini?|Pernah kumencoba tuk sembunyi|Namun senyummu tetap mengikuti|Na na na na ...|Na na na na ...|Na na na na ...|Na na na na ...|Hati kecil berbisik|Untuk kembali padanya|S'ribu kata menggoda|S'ribu sesal di depan mata|Seperti menjelma|Waktu aku tertawa|Kala memberimu dosa|Rasa sesal di dasar hati, diam tak mau pergi|Haruskah aku lari dari kenyataan ini?|Pernah kumencoba tuk sembunyi|Namun senyummu tetap mengikuti|Rasa sesal di dasar hati, diam tak mau pergi|Haruskah aku lari dari kenyataan ini?|Pernah kumencoba tuk sembunyi|Namun senyummu tetap mengikuti|Rasa sesal di dasar hati, diam tak mau pergi|Haruskah aku lari dari kenyataan ini?|Pernah kumencoba tuk sembunyi|Namun senyummu tetap mengikuti"
"Surat Buat Wakil Rakyat",392333,"Celoteh - Celoteh","1980-01-01",1980,0.453,0.71,0,-5.828,1,0.0895,0.49,0,0.865,0.502,117.386,"C major","Untukmu yang duduk sambil diskusi|Untukmu yang biasa bersafari|Disana di gedung DPR|Wakil rakyat kumpulan orang hebat|Bukan kumpulan teman teman dekat|Apalagi sanak famili|Dihati dan lidahmu kami berharap|Suara kami tolong dengar lalu sampaikan|Jangan ragu jangan takut karang menghadang|Bicaralah yang lantang jangan hanya diam|Dikantong safarimu kami titipkan|Masa depan kami dan negeri ini|Dari Sabang sampai Merauke|Saudara dipilih bukan di lotere|Meski kami tak kenal siapa saudara|Kami tak sudi memilih para juara|Juara diam juara he eh juara hahaha|Untukmu yang duduk sambil diskusi|Untukmu yang biasa bersafari|Disana di gedung DPR|Dihati dan lidahmu kami berharap|Suara kami tolong dengar lalu sampaikan|Jangan ragu jangan takut karang menghadang|Bicaralah yang lantang jangan hanya diam|Wakil rakyat seharusnya merakyat|Jangan tidur waktu sidang soal rakyat|Wakil rakyat bukan paduan suara|Hanya tahu nyanyian lagu ""setuju""|Wakil rakyat seharusnya merakyat|Jangan tidur waktu sidang soal rakyat|Wakil rakyat bukan paduan suara|Hanya tahu nyanyian lagu ""setuju""|Wakil rakyat seharusnya merakyat|Jangan tidur waktu sidang soal rakyat|Wakil rakyat bukan paduan suara|Hanya tahu nyanyian lagu ""setuju""|Wakil rakyat seharusnya merakyat|Jangan tidur waktu sidang soal rakyat|Wakil rakyat bukan paduan suara|Hanya tahu nyanyian lagu ""setuju"""
"Serdadu",309466,"Celoteh - Celoteh","1980-01-01",1980,0.432,0.855,9,-3.485,1,0.0516,0.175,0.00015,0.102,0.895,138.023,"A major","Isi kepala di balik topi baja|Semua serdadu pasti tak jauh berbeda|Tak peduli perwira bintara atau tamtama|Tetap tentara|Kata berita gagah perkasa|Apalagi sedang kokang senjata|Persetan siapa saja musuhnya|Perintah datang karang pun dihantam|Serdadu seperti peluru|Tekan picu melesat tak ragu|Serdadu seperti belati|Tak dirawat tumpul dan berkarat|Umpan bergizi titah bapak menteri|Apakah sudah terbukti ?|Bila saja masih ada buruknya kabar burung|Tentang jatah prajurit yang di kentit|Serdadu seperti peluru|Tekan picu melesat tak ragu|Serdadu seperti belati|Tak dirawat tumpul dan berkarat|Lantang suaramu otot kawat tulang besi|Susu telur kacang hijau ekstra gizi|Runtuh dan tegaknya keadilan negeri ini|Serdadu harus tahu pasti|Serdadu baktimu kami tunggu|Tolong kantongkan tampang serammu|Serdadu rabalah dada kami|Gunakan hati jangan pakai belati|Serdadu jangan mau di suap|Tanah ini jelas meratap|Serdadu hoi jangan lemah syahwat|Nyonya pertiwi tak sudi melihat"
"Pesawat Tempurku",287760,"Celoteh - Celoteh","1980-01-01",1980,0.566,0.803,9,-5.758,1,0.0593,0.489,0.00217,0.102,0.741,142.234,"A major","Waktu kau lewat|Aku sedang mainkan gitar|Sebuah lagu yang kunyanyikan|Tentang dirimu|Seperti kemarin|Kamu hanya lemparkan senyum|Lalu pergi begitu saja|Bagai pesawat tempur|Hei kau yang manis|Singgahlah dan ikut bernyanyi|Sebentar saja nona|Sebentar saja hanya sebentar|Rayuan mautku|Tak membuat kau jadi galak|Bagai seorang diplomat ulung|Engkau mengelak|Kalau saja aku bukanlah penganggur|Sudah kupacari kau|Jangan bilang tidak bilang saja iya|Iya lebih baik daripada kau menangis|Penguasa penguasa|Berilah hambamu uang|Beri hamba uang|Beri hamba uang|Penguasa penguasa|Berilah hambamu uang|Beri hamba uang|Beri hamba uang|Beri hamba uang|Beri hamba uang|Oh ya andaikata|Dunia tak punya tentara|Tentu tak ada perang|Yang banyak makan biaya|Oh oh ya andaikata|Dana perang buat diriku|Tentu kau mau singgah|Bukan cuma tersenyum|Kalau hanya senyum yang engkau berikan|Westerling pun tersenyum|Bersinggahlah sayang pesawat tempurku|Mendarat mulus didalam sanubariku|Penguasa penguasa|Berilah hambamu uang|Beri hamba uang|Beri hamba uang|Penguasa penguasa|Berilah hambamu uang|Beri hamba uang|Beri hamba uang|Beri hamba uang|Beri hamba uang|Beri hamba uang|Beri hamba uang|Beri hamba uang|Beri hamba uang|Beri hamba uang|Beri hamba uang|Beri hamba uang|Beri hamba uang|Beri hamba uang"
