"year","manufacturer","type","gearshift","fuel","distance","city","price"
2016,"Yamaha","NMax","Otomatis","Bensin",37000,"Bekasi",19.5
2014,"Honda","Motorcycles Beat","Otomatis","Bensin",1,"Bekasi",11
2014,"Yamaha","V-ixion","Manual","Bensin",42,"Bekasi",15
2012,"Harley-Davidson","FL Dyna Switchback","Otomatis","Bensin",7000,"Yogyakarta",400
2018,"Yamaha","Lexi","Otomatis","Bensin",18000,"Indonesia",15
2013,"Yamaha","V-ixion","Manual","Bensin",41000,"Indonesia",12
2014,"Honda","Motorcycles Beat Fi","Otomatis","Bensin",1,"Indonesia",10.5
2016,"Yamaha","Nmax","Otomatis","Bensin",1,"Indonesia",24
2016,"Yamaha","Mio M3","Otomatis","Bensin",1,"Indonesia",10.5
2012,"Yamaha","Fino","Otomatis","Bensin",1,"Indonesia",11
2015,"Honda","Motorcycles Cb 150R","Manual","Bensin",1,"Indonesia",15.9
2015,"Honda","Motorcycles Vario","Otomatis","Bensin",1,"Indonesia",11.45
2011,"Kawasaki","Ninja 250","Manual","Bensin",1,"Indonesia",28
2011,"Honda","Motorcycles Scoopy","Otomatis","Bensin",1,"Indonesia",8.9
2006,"Honda","Motorcycles Vario","Otomatis","Bensin",1,"Indonesia",7
2014,"Honda","Motorcycles Supra X","Manual","Bensin",1,"Indonesia",9.45
2011,"Honda","Motorcycles Cb 250","Manual","Bensin",1,"Indonesia",19
2017,"Yamaha","Aerox","Otomatis","Bensin",1,"Indonesia",20.5
2018,"Honda","Motorcycles Beat Street","Otomatis","Bensin",1,"Indonesia",15
2018,"Honda","Motorcycles Supra X","Manual","Bensin",1,"Indonesia",13
2009,"Honda","Motorcycles Vario","Otomatis","Bensin",1,"Indonesia",7
2012,"Yamaha","V-Ixion","Manual","Bensin",1,"Indonesia",11.5
2018,"Honda","Motorcycles Beat","Otomatis","Bensin",1,"Indonesia",13.9
2015,"Yamaha","V-Ixion","Manual","Bensin",1,"Indonesia",15.9
2013,"Honda","Motorcycles Vario","Otomatis","Bensin",1,"Indonesia",8.7
2015,"Honda","Motorcycles Cb 150R","Manual","Bensin",1,"Indonesia",16.2
2013,"Yamaha","Mio Gt","Otomatis","Bensin",1,"Indonesia",7.8
2017,"Honda","Motorcycles Vario Techno Fi","Otomatis","Bensin",1,"Indonesia",16
2015,"Yamaha","Nmax","Otomatis","Bensin",1,"Indonesia",22
2019,"Honda","Motorcycles Vario Techno Fi","Otomatis","Bensin",1,"Indonesia",20
2018,"Yamaha","Mio M3","Otomatis","Bensin",1,"Indonesia",11
2013,"Yamaha","Byson","Manual","Bensin",1,"Indonesia",8.7
2013,"Kawasaki","Klx 150","Manual","Bensin",1,"Indonesia",18.8
1998,"Yamaha","Crypton","Manual","Bensin",1,"Indonesia",4.3
2018,"Honda","Motorcycles Scoopy","Otomatis","Bensin",1,"Indonesia",18.2
2011,"Honda","Motorcycles Mega Pro","Manual","Bensin",1,"Indonesia",11
2018,"Honda","Motorcycles Cb 150R","Manual","Bensin",1,"Indonesia",25
2017,"Yamaha","Nmax","Otomatis","Bensin",1,"Indonesia",25.5
2017,"Honda","Motorcycles Scoopy","Otomatis","Bensin",1,"Indonesia",16.8
2017,"Yamaha","Yzf R15","Manual","Bensin",1,"Indonesia",25.3
2018,"Yamaha","Lexi","Otomatis","Bensin",1,"Indonesia",20
2013,"Honda","Motorcycles Vario Techno Fi","Otomatis","Bensin",1,"Indonesia",11
2018,"Yamaha","Mio S","Otomatis","Bensin",1,"Indonesia",12.5
2010,"Yamaha","Jupiter Mx","Manual","Bensin",1,"Indonesia",6.8
2017,"Yamaha","Fino","Otomatis","Bensin",1,"Indonesia",11
2018,"Honda","Motorcycles Cb 150R","Manual","Bensin",1,"Indonesia",25.5
2010,"Yamaha","V-Ixion","Manual","Bensin",1,"Indonesia",10.3
2018,"Honda","Motorcycles Vario Techno 150","Otomatis","Bensin",1,"Indonesia",17.6
2018,"Yamaha","Lexi","Otomatis","Bensin",1,"Indonesia",18.6
2018,"Honda","Motorcycles Scoopy Esp","Otomatis","Bensin",1,"Indonesia",18
2015,"Yamaha","Byson","Manual","Bensin",1,"Indonesia",12.5
2013,"Honda","Motorcycles Vario","Otomatis","Bensin",1,"Indonesia",9
2012,"Honda","Motorcycles Vario","Otomatis","Bensin",1,"Indonesia",8.3
2018,"Yamaha","Nmax","Otomatis","Bensin",1,"Indonesia",28.7
2014,"Kawasaki","Klx 150","Manual","Bensin",1,"Indonesia",20.5
2015,"Yamaha","V-Ixion","Manual","Bensin",1,"Indonesia",15.5
2008,"Yamaha","V-Ixion","Manual","Bensin",1,"Indonesia",12.2
2003,"Kawasaki","Klx 150","Manual","Bensin",1,"Indonesia",12
2018,"Suzuki","Gsx S 150","Manual","Bensin",1,"Indonesia",15.75
2002,"Yamaha","Rx King","Manual","Bensin",1,"Indonesia",7.6
2011,"Yamaha","Vega R","Manual","Bensin",1,"Indonesia",6.2
2014,"Honda","Motorcycles Cb 150R","Manual","Bensin",1,"Indonesia",12.5
2017,"Honda","Motorcycles Vario Techno Fi","Otomatis","Bensin",1,"Indonesia",15.5
2018,"Honda","Motorcycles Vario Techno Fi","Otomatis","Bensin",1,"Indonesia",17.8
2017,"Yamaha","Aerox 155","Otomatis","Bensin",1,"Indonesia",18.1
2017,"Honda","Motorcycles Blade 125","Manual","Bensin",1,"Indonesia",11.5
2010,"Kawasaki","Ninja 250","Manual","Bensin",1,"Indonesia",28.5
2014,"Honda","Motorcycles Supra X","Manual","Bensin",1,"Indonesia",9.3
2017,"Yamaha","X-Ride","Otomatis","Bensin",1,"Indonesia",10.9
2009,"Kawasaki","Ninja 250","Manual","Bensin",1,"Indonesia",24
2018,"Yamaha","Mio S","Otomatis","Bensin",1,"Indonesia",9.9
2018,"Yamaha","Mio M3","Otomatis","Bensin",1,"Indonesia",10.2
2019,"Honda","Motorcycles Supra Gtr","Manual","Bensin",1,"Indonesia",16.8
2019,"Honda","Motorcycles Pcx","Otomatis","Bensin",1,"Indonesia",27.5
2013,"Yamaha","V-Ixion","Manual","Bensin",1,"Indonesia",14.15
2019,"Honda","Motorcycles Vario Techno Fi","Otomatis","Bensin",1,"Indonesia",18.75
2019,"Honda","Motorcycles Sonic","Manual","Bensin",1,"Indonesia",17.3
2017,"Honda","Motorcycles Supra Gtr","Manual","Bensin",1,"Indonesia",14.5
2016,"Yamaha","Yzf R25","Manual","Bensin",1,"Indonesia",33.2
2014,"Yamaha","V-Ixion","Manual","Bensin",1,"Indonesia",12.8
2006,"Honda","Motorcycles Supra X","Manual","Bensin",1,"Indonesia",6.9
2018,"Honda","Motorcycles Cbr 150R","Manual","Bensin",1,"Indonesia",26.5
2014,"Honda","Motorcycles Cb 150R","Manual","Bensin",1,"Indonesia",14.8
2008,"Kawasaki","Ninja 250","Manual","Bensin",1,"Indonesia",24
2017,"Yamaha","X-Ride Led","Otomatis","Bensin",1,"Indonesia",11.5
2015,"Yamaha","Vega R","Manual","Bensin",1,"Indonesia",7.5
2013,"Kawasaki","Ninja 250","Manual","Bensin",1,"Indonesia",43
2011,"Honda","Motorcycles Mega Pro","Manual","Bensin",50000,"Indonesia",5
2017,"Yamaha","X-MAX","Otomatis","Bensin",14000,"Kota Jakarta Barat",48
2016,"Kawasaki","Ninja","Manual","Bensin",4665,"Indonesia",45
2013,"Kawasaki","Ninja","Manual","Bensin",23000,"Indonesia",36
2011,"Kawasaki","Ninja","Manual","Bensin",20000,"Indonesia",18
2014,"Yamaha","YZF R25","Manual","Bensin",13900,"Indonesia",35
2012,"Honda","Motorcycles Vario Techno","Manual","Bensin",418318,"Indonesia",8.8
2017,"Honda","Motorcycles CBR cbr150r","Manual","Bensin",5000,"Indonesia",23
2014,"Yamaha","YZF R25","Manual","Bensin",14000,"Indonesia",35
2013,"Kawasaki","Ninja","Manual","Bensin",7500,"Kota Jakarta Selatan",36
2015,"Harley-Davidson","Touring","Manual","Bensin",4400,"Indonesia",700
2016,"Yamaha","Soul GT 125","Otomatis","Bensin",22000,"Indonesia",3
2018,"Kawasaki","Z 250","Manual","Bensin",15000,"Bekasi",48.5
2014,"Honda","Motorcycles Verza","Manual","Bensin",55000,"Indonesia",10
2017,"Honda","Motorcycles Beat","Otomatis","Bensin",85137,"Indonesia",7.1
2007,"Yamaha","Vega R","Manual","Bensin",1e+05,"Tangerang Selatan",3.7
2017,"Yamaha","Fino","Otomatis","Bensin",1,"Kota Jakarta Timur",12.25
2015,"Yamaha","Soul new soul gt","Otomatis","Bensin",45000,"Mojokerto",9.5
2018,"Yamaha","NMax","Otomatis","Bensin",4000,"Kota SBY",78
2015,"Honda","Motorcycles CBR moge","Otomatis","Bensin",1900,"Indonesia",16
2014,"Yamaha","YZF","Manual","Bensin",10000,"Indonesia",35
2017,"Ducati","800","Manual","Bensin",200,"Indonesia",340
2014,"Honda","Motorcycles CB","Manual","Solar",13000,"Indonesia",12.5
2010,"Honda","Motorcycles Vario","Otomatis","Bensin",50000,"Indonesia",6.45
2016,"Yamaha","Aerox","Otomatis","Bensin",1,"Indonesia",13.5
2010,"Yamaha","Mio Soul","Otomatis","Bensin",1,"Indonesia",4
2016,"Honda","Motorcycles Beat Esp","Otomatis","Bensin",1,"Indonesia",13.3
2017,"Honda","Motorcycles Beat Esp","Otomatis","Bensin",1,"Indonesia",13.3
2012,"Yamaha","Vega Zr","Manual","Bensin",1,"Indonesia",3.9
2015,"Yamaha","V-Ixion","Manual","Bensin",1,"Indonesia",15
2011,"Yamaha","Mio","Otomatis","Bensin",1,"Indonesia",4
2014,"Honda","Motorcycles Tiger Revo","Manual","Bensin",1,"Indonesia",15
2011,"Suzuki","Spin","Otomatis","Bensin",1,"Indonesia",3.5
2018,"Yamaha","Aerox","Otomatis","Bensin",8000,"Depok",25
2015,"Kawasaki","Ninja KRR","Manual","Bensin",12200,"Indonesia",26
2016,"Yamaha","NMax","Otomatis","Bensin",36600,"Indonesia",21
2014,"Yamaha","YZF","Manual","Bensin",5849,"Kota Jakarta Timur",16
2018,"Yamaha","Aerox S","Otomatis","Bensin",15000,"Indonesia",18.6
2007,"Yamaha","RX King 135 new","Manual","Bensin",14979,"Madiun",29.5
2018,"Honda","Motorcycles Beat ESP CBS","Otomatis","Bensin",1300,"Indonesia",13.8
2014,"Yamaha","V-ixion New Lightning","Manual","Bensin",67000,"Indonesia",11
2011,"Honda","Motorcycles Beat","Otomatis","Bensin",35000,"Indonesia",9
2017,"Kawasaki","Ninja 250R Fi","Manual","Bensin",8000,"Indonesia",45
2013,"Honda","Motorcycles Beat Fi","Otomatis","Bensin",32175,"Indonesia",10
1952,"BSA","350","Manual","Bensin",20000,"Kota Jakarta Timur",140
2017,"Kawasaki","KLX 150 BF","Manual","Bensin",11210,"Indonesia",27
2018,"Yamaha","YZF R15","Manual","Bensin",7000,"Kota Jakarta Timur",25
2017,"Yamaha","YZF R15","Manual","Bensin",5000,"Indonesia",24
2015,"Suzuki","Satria Fu","Manual","Bensin",1,"Indonesia",12.5
2017,"Yamaha","Nmax Abs","Otomatis","Bensin",1,"Indonesia",25
2011,"Yamaha","Vega Zr","Manual","Bensin",1,"Indonesia",6.5
2017,"Yamaha","Mio Z","Otomatis","Bensin",1,"Indonesia",10.3
2016,"Honda","Motorcycles Beat Esp","Otomatis","Bensin",1,"Indonesia",9
2018,"Honda","Motorcycles Beat Esp","Otomatis","Bensin",1,"Indonesia",10.5
2018,"Honda","Motorcycles Beat Esp","Otomatis","Bensin",1,"Indonesia",12.5
2018,"Honda","Motorcycles Sonic R","Manual","Bensin",1,"Indonesia",14.5
2018,"Yamaha","Yzf R15 Vva","Manual","Bensin",1,"Indonesia",28.5
2018,"Honda","Motorcycles Beat Esp","Otomatis","Bensin",1,"Indonesia",12.5
2017,"Honda","Motorcycles Cb 150R","Manual","Bensin",1,"Indonesia",16.5
2019,"Yamaha","Lexi","Otomatis","Bensin",1,"Indonesia",17
2012,"Kawasaki","Ninja 250 Fi","Manual","Bensin",1,"Indonesia",40
2018,"Suzuki","Nex Ii","Otomatis","Bensin",1,"Indonesia",10
2014,"Honda","Motorcycles Scoopy Fi","Otomatis","Bensin",1,"Indonesia",8.5
2018,"Honda","Motorcycles Supra Gtr","Manual","Bensin",1,"Indonesia",15
2017,"Honda","Motorcycles Beat Esp","Otomatis","Bensin",1,"Indonesia",12.5
2015,"Honda","Motorcycles Scoopy Fi","Otomatis","Bensin",1,"Indonesia",7
2018,"Yamaha","Nmax","Otomatis","Bensin",1,"Indonesia",25.5
2018,"Yamaha","Fino 125","Otomatis","Bensin",1,"Indonesia",13.5
2012,"Kawasaki","Er-6F","Manual","Bensin",1,"Indonesia",68.5
2019,"Yamaha","Freego","Otomatis","Bensin",1,"Indonesia",17.5
2018,"Honda","Motorcycles Cbr 150R","Manual","Bensin",1,"Indonesia",24
2019,"Yamaha","Mio S","Otomatis","Bensin",1,"Indonesia",10.5
2018,"Suzuki","Smash 110","Manual","Bensin",1,"Indonesia",8.25
2019,"Honda","Motorcycles Scoopy Esp","Otomatis","Bensin",1,"Indonesia",17.5
2018,"Honda","Motorcycles Vario 150","Otomatis","Bensin",1,"Indonesia",16.8
2018,"Honda","Motorcycles Beat Esp","Otomatis","Bensin",1,"Indonesia",12.5
2016,"Honda","Motorcycles Revo Fi","Manual","Bensin",1,"Indonesia",7.5
2014,"Honda","Motorcycles Beat Fi","Otomatis","Bensin",1,"Indonesia",7
2019,"Honda","Motorcycles Vario 150","Otomatis","Bensin",1,"Indonesia",17.8
2014,"Honda","Motorcycles CBR","Manual","Bensin",72000,"Indonesia",19
2017,"Yamaha","X-MAX","Otomatis","Bensin",5000,"Indonesia",49
2016,"Kawasaki","Ninja 250cc SE KRT","Manual","Bensin",30000,"Indonesia",45
2017,"Yamaha","N-Max Non-ABS","Otomatis","Bensin",4700,"Kota Jakarta Timur",22
2016,"Kawasaki","Ninja 250FI","Manual","Bensin",12000,"Indonesia",48
2012,"Honda","Motorcycles Spacy","Otomatis","Bensin",55000,"Bojonegoro",8.5
2018,"Yamaha","NMax","Otomatis","Bensin",8825,"Indonesia",24
2006,"Yamaha","Scorpio modif Triump","Manual","Bensin",1e+05,"Bandung",26
2013,"Kawasaki","Ninja RR 150","Manual","Bensin",39000,"Indonesia",22
2014,"Honda","Motorcycles CBR150cc","Manual","Bensin",2791,"Medan",24
2016,"Kawasaki","Ninja 250R Fi","Manual","Bensin",15000,"Indonesia",43
2016,"Kawasaki","Ninja 250 RR Mono","Manual","Bensin",5,"Kota Bks",26
2015,"Honda","Motorcycles Vario iss fi 150","Otomatis","Bensin",55000,"Indonesia",13.2
2015,"Harley-Davidson","Street XG500","Otomatis","Bensin",1500,"Bekasi",220
2008,"Kawasaki","Ninja 250R karbu","Manual","Bensin",61000,"Indonesia",28
2018,"Yamaha","Aerox 155","Otomatis","Bensin",10000,"Tangerang Selatan",23
2015,"Honda","Motorcycles Beat","Otomatis","Bensin",1,"Indonesia",11
2012,"Honda","Motorcycles Beat","Otomatis","Bensin",1,"Indonesia",8.2
2014,"Kawasaki","Ninja 250","Manual","Bensin",1,"Indonesia",41
2012,"Honda","Motorcycles Vario","Otomatis","Bensin",1,"Indonesia",9
2016,"Yamaha","Byson","Manual","Bensin",1,"Indonesia",12.8
2012,"Yamaha","Mio J","Otomatis","Bensin",1,"Indonesia",6.9
2010,"Yamaha","Mio","Otomatis","Bensin",1,"Indonesia",5.5
2018,"Yamaha","Aerox","Otomatis","Bensin",1,"Indonesia",18.85
2018,"Yamaha","Nmax","Otomatis","Bensin",1,"Indonesia",26.5
2013,"Honda","Motorcycles Scoopy","Otomatis","Bensin",1,"Indonesia",11.35
2016,"Honda","Motorcycles Scoopy","Otomatis","Bensin",1,"Indonesia",13.8
2016,"Yamaha","Nmax","Otomatis","Bensin",1,"Indonesia",24.5
2009,"Honda","Motorcycles Supra","Manual","Bensin",1,"Indonesia",6.5
2012,"Honda","Motorcycles Spacy","Otomatis","Bensin",1,"Indonesia",8.2
2017,"Honda","Motorcycles Cbr 250R","Manual","Bensin",1,"Indonesia",52
2014,"Yamaha","V-Ixion","Manual","Bensin",1,"Indonesia",15.5
2015,"Honda","Motorcycles Scoopy","Otomatis","Bensin",1,"Indonesia",13.5
2016,"Kawasaki","Ninja 250","Manual","Bensin",1,"Indonesia",41.5
2018,"Honda","Motorcycles Pcx","Otomatis","Bensin",1,"Indonesia",26.5
2015,"Honda","Motorcycles Vario Techno 150","Otomatis","Bensin",1,"Indonesia",16.5
2019,"Yamaha","Lexi","Otomatis","Bensin",1,"Indonesia",19.5
2016,"Yamaha","Nmax","Otomatis","Bensin",1,"Indonesia",22.3
2018,"Yamaha","Aerox","Otomatis","Bensin",1,"Indonesia",18.9
2009,"Suzuki","Skydrive","Otomatis","Bensin",1,"Indonesia",4.5
2013,"Suzuki","Hayate","Otomatis","Bensin",1,"Indonesia",7.5
2015,"Honda","Motorcycles Scoopy Fi","Otomatis","Bensin",1,"Indonesia",12.45
2016,"Piaggio","Sprint","Otomatis","Bensin",1,"Indonesia",38.65
2015,"Yamaha","V-ixion New Advance","Manual","Bensin",43000,"Indonesia",14
2019,"Honda","Motorcycles Vario Techno 150","Otomatis","Bensin",1,"Indonesia",18
2019,"Honda","Motorcycles Beat Esp","Otomatis","Bensin",1,"Indonesia",13
2018,"Honda","Motorcycles Beat Esp","Otomatis","Bensin",1,"Indonesia",13.5
2018,"Honda","Motorcycles Beat Esp","Otomatis","Bensin",1,"Indonesia",13
2019,"Honda","Motorcycles Beat Street","Otomatis","Bensin",1,"Indonesia",14
2013,"Honda","Motorcycles Cb 150R","Manual","Bensin",1,"Indonesia",10.5
2018,"Honda","Motorcycles Beat Esp","Otomatis","Bensin",1,"Indonesia",10.5
2012,"Honda","Motorcycles Vario Absolute","Otomatis","Bensin",1,"Indonesia",8.1
2018,"Honda","Motorcycles Beat Esp","Otomatis","Bensin",1,"Indonesia",11.5
2018,"Honda","Motorcycles Beat Esp","Otomatis","Bensin",1,"Indonesia",12.7
2016,"Yamaha","Nmax","Otomatis","Bensin",1,"Indonesia",20
2015,"Yamaha","Mio","Otomatis","Bensin",32000,"Kota Jakarta Timur",8
2018,"Kawasaki","W 175 SE","Manual","Bensin",7300,"Indonesia",26
2018,"Cleveland","CycleWerks THA HEIST","Manual","Bensin",1000,"Tangerang",55
2004,"Yamaha","RX135","Manual","Bensin",165030,"Madiun",24.5
2013,"Honda","Motorcycles Revo","Manual","Bensin",30000,"Bandung",6
2011,"Yamaha","V-ixion","Manual","Bensin",65812,"Indonesia",8
2016,"Yamaha","YZF R1M","Otomatis","Bensin",2900,"Tangerang",785
2004,"Harley-Davidson","Ultra Classic","Manual","Bensin",40000,"Indonesia",330
2015,"Honda","Motorcycles Beat","Otomatis","Bensin",7612,"Indonesia",5.7
1995,"Harley-Davidson","Street fatboy","Manual","Bensin",30000,"Kota Jakarta Pusat",175
2015,"Honda","Motorcycles Vario All New Tec...","Otomatis","Bensin",20018,"Jakarta Timur",13.5
2015,"Honda","Motorcycles Revo CW","Manual","Bensin",23000,"Tangerang",8
2016,"Honda","Motorcycles Sonic Sport","Manual","Bensin",20000,"Indonesia",14
2013,"Honda","Motorcycles CB150R","Manual","Bensin",72000,"Indonesia",11
2018,"Yamaha","NMax","Otomatis","Bensin",2400,"Malang",26
2016,"Honda","Motorcycles CB","Manual","Bensin",40000,"Indonesia",14
2012,"Yamaha","Scorpio","Manual","Bensin",1e+05,"Jalan Haji Adam Malik",19.5
2014,"Honda","Motorcycles CBR 150 R","Manual","Bensin",40000,"Depok",15
2016,"Yamaha","YZF R15","Manual","Bensin",10579,"Tangerang",18
2017,"Kawasaki","Ninja 250 Fi ABS","Manual","Bensin",7015,"Indonesia",50
2018,"Honda","Motorcycles PCX cbs","Otomatis","Bensin",9000,"Bandung",28
2013,"Honda","Motorcycles Cb 150","Manual","Bensin",1,"Indonesia",12.5
2016,"Honda","Motorcycles Scoopy Esp","Otomatis","Bensin",1,"Indonesia",15
2014,"Honda","Motorcycles Scoopy Esp","Otomatis","Bensin",1,"Indonesia",12
2018,"Honda","Motorcycles Scoopy Esp","Otomatis","Bensin",1,"Indonesia",18.5
2011,"Honda","Motorcycles Beat","Otomatis","Bensin",1,"Indonesia",7.5
2017,"Honda","Motorcycles Scoopy Esp","Otomatis","Bensin",1,"Indonesia",17.5
2006,"Yamaha","Jupiter","Manual","Bensin",1,"Indonesia",6.75
2018,"Honda","Motorcycles Supra Gtr","Manual","Bensin",1,"Indonesia",17
2019,"Honda","Motorcycles Scoopy Esp","Otomatis","Bensin",1,"Indonesia",19
2016,"Yamaha","Mx King","Manual","Bensin",1,"Indonesia",15.5
2013,"Honda","Motorcycles Scoopy Fi","Otomatis","Bensin",1,"Indonesia",11
2015,"Honda","Motorcycles Vario Techno 150","Otomatis","Bensin",1,"Indonesia",15
2017,"Honda","Motorcycles Scoopy Esp","Otomatis","Bensin",1,"Indonesia",16
2019,"Honda","Motorcycles Beat Esp","Otomatis","Bensin",1,"Indonesia",16
2014,"Yamaha","Mio Gt","Manual","Bensin",1,"Indonesia",9
2009,"Kawasaki","Ninja 250R","Manual","Bensin",35000,"Indonesia",30
2017,"Yamaha","NMax","Otomatis","Bensin",45000,"Kota Tgr. Sel.",20.75
2011,"Piaggio","Vespa","Otomatis","Bensin",22000,"Indonesia",35
2018,"Yamaha","NMax","Manual","Bensin",8094,"Medan",26.6
2018,"Yamaha","Lexi S","Otomatis","Bensin",7700,"Bekasi",17.5
2013,"Kawasaki","Ninja 250R Fi","Manual","Bensin",12000,"Indonesia",41.5
2013,"Honda","Motorcycles CB 150R","Manual","Bensin",18000,"Kota Jakarta Barat",10.3
2016,"Yamaha","NMax","Otomatis","Bensin",20000,"Indonesia",19.75
2017,"Yamaha","N-Max","Otomatis","Bensin",39000,"Indonesia",20.9
1976,"Piaggio","Sprint","Manual","Bensin",2000,"Gianyar",9
2018,"Yamaha","Mio S","Otomatis","Bensin",4000,"Kota Jakarta Timur",10.5
2012,"Yamaha","Byson Karburator","Manual","Bensin",345,"Indonesia",17
2010,"Suzuki","Skywave","Otomatis","Bensin",50000,"Jakarta Selatan",7
2009,"Honda","Motorcycles Vario techno","Otomatis","Bensin",89000,"Indonesia",7.12
1976,"Piaggio","Sprint Bagol","Manual","Bensin",1e+05,"Indonesia",21.5
2010,"Yamaha","Vega ZR","Manual","Bensin",80000,"Indonesia",3.6
2014,"Kawasaki","Ninja 150RR","Manual","Bensin",22000,"Kota Jakarta Timur",25.5
2016,"Honda","Motorcycles CBR All New 150R","Manual","Bensin",27000,"Indonesia",19.5
2017,"Honda","Motorcycles Scoopy","Otomatis","Bensin",13000,"Serang",13.95
2005,"Suzuki","Satria hiu","Manual","Bensin",50000,"Jl. Sultan Iskandar Muda",15
2011,"Harley-Davidson","Ultra","Manual","Bensin",18711,"Bekasi",465
2016,"Kawasaki","KLX BF","Manual","Bensin",20000,"Indonesia",22
2009,"Honda","Motorcycles Blade 110 repsol","Manual","Bensin",64000,"Indonesia",5.1
2018,"Yamaha","X-MAX","Otomatis","Bensin",3128,"Indonesia",50
2018,"Yamaha","MT-25","Manual","Bensin",2200,"Jakarta Timur",45
2011,"Piaggio","Liberty S 100","Otomatis","Bensin",40000,"Indonesia",12.5
2012,"Kawasaki","Versys","Manual","Bensin",29520,"Indonesia",100
2017,"Yamaha","NMax Abs","Otomatis","Bensin",11900,"Indonesia",21.5
2017,"Kawasaki","KLX 150","Manual","Bensin",14000,"Indonesia",20
2012,"Kawasaki","Ninja","Manual","Bensin",19000,"Kabupaten Sleman",47
2018,"Kawasaki","D-Tracker 150","Manual","Bensin",7534,"Indonesia",28
2016,"Yamaha","YZF R15","Manual","Bensin",32400,"Indonesia",18
2014,"Yamaha","Byson","Manual","Bensin",39000,"Indonesia",12
2016,"Honda","Motorcycles CBR All New 150R","Manual","Bensin",10000,"Indonesia",20.5
2019,"Honda","Motorcycles PCX All New 150 Fi","Otomatis","Bensin",4936,"Indonesia",29.5
2017,"Yamaha","YZF R15","Manual","Bensin",14000,"Indonesia",21
1996,"Suzuki","GSX","Manual","Bensin",35000,"Sukabumi",50
2014,"Kawasaki","Ninja","Manual","Bensin",120,"Indonesia",38
2016,"Honda","Motorcycles Vario","Otomatis","Bensin",19972,"Cimenyan",16.2
2008,"Harley-Davidson","Street SG","Manual","Bensin",17000,"Bogor",245
2006,"Yamaha","Mio sporty carbu","Otomatis","Bensin",25000,"Indonesia",4.8
2018,"Suzuki","GSX-R","Manual","Bensin",22000,"Indonesia",18
2005,"Yamaha","Mio","Otomatis","Bensin",8000,"Indonesia",4.65
2016,"Yamaha","Nmax","Otomatis","Bensin",1,"Indonesia",21.3
2017,"Yamaha","Aerox","Otomatis","Bensin",1,"Indonesia",18
2018,"Yamaha","Nmax Abs","Otomatis","Bensin",1,"Indonesia",25.85
2010,"Yamaha","V-Ixion","Manual","Bensin",1,"Indonesia",9.2
2018,"Yamaha","Lexi","Otomatis","Bensin",1,"Indonesia",16.85
2015,"Honda","Motorcycles Vario Techno 150","Otomatis","Bensin",1,"Indonesia",14.9
2016,"Honda","Motorcycles Cb 150R","Manual","Bensin",1,"Indonesia",18.8
2010,"Yamaha","Scorpio Z","Manual","Bensin",1,"Indonesia",16.5
2017,"Honda","Motorcycles Vario Techno 150","Otomatis","Bensin",1,"Indonesia",17.8
2014,"Honda","Motorcycles Beat Fi","Otomatis","Bensin",1,"Indonesia",8.85
2012,"Honda","Motorcycles Beat Fi","Otomatis","Bensin",1,"Indonesia",8
2018,"Honda","Motorcycles Vario Techno Fi","Otomatis","Bensin",1,"Indonesia",16.4
2015,"Honda","Motorcycles Vario Techno Fi","Otomatis","Bensin",1,"Indonesia",12
2017,"Honda","Motorcycles Sonic R","Otomatis","Bensin",1,"Indonesia",17
2018,"Yamaha","Vega Force","Manual","Bensin",1,"Indonesia",10.9
2017,"Honda","Motorcycles Scoopy Fi","Otomatis","Bensin",1,"Indonesia",17.5
2010,"Yamaha","Jupiter Z","Manual","Bensin",1,"Indonesia",5.9
2011,"Honda","Motorcycles Spacy Helm In","Otomatis","Bensin",1,"Indonesia",7
2014,"Yamaha","V-Ixion Lightning","Manual","Bensin",1,"Indonesia",14.75
2008,"Kawasaki","Ninja 250","Manual","Bensin",1,"Indonesia",42
2017,"Honda","Motorcycles Beat Fi","Otomatis","Bensin",1,"Indonesia",13.8
2018,"Honda","Motorcycles Vario 150","Otomatis","Bensin",1,"Indonesia",21
2009,"Yamaha","V-Ixion","Manual","Bensin",1,"Indonesia",11.8
2007,"Suzuki","Spin Cw","Otomatis","Bensin",1,"Indonesia",4.5
2018,"Yamaha","V-Ixion R","Manual","Bensin",1,"Indonesia",20
2011,"Honda","Motorcycles Supra X","Manual","Bensin",1,"Indonesia",10.8
2016,"Honda","Motorcycles Cbr 150R","Manual","Bensin",1,"Indonesia",24.5
2015,"Yamaha","NMax abs","Otomatis","Bensin",8900,"Indonesia",22
2013,"Kawasaki","Ninja sport","Manual","Bensin",55800,"Indonesia",41
2008,"Yamaha","Mio sporty carbu","Otomatis","Bensin",20000,"Indonesia",4.5
2017,"Yamaha","V-Ixion Lightning","Manual","Bensin",1,"Indonesia",18.45
2017,"Honda","Motorcycles Beat Street","Otomatis","Bensin",1,"Indonesia",14.65
2016,"Yamaha","Yzf R15","Manual","Bensin",1,"Indonesia",19.55
2019,"Yamaha","Lexi S","Otomatis","Bensin",1,"Indonesia",17.75
2014,"Honda","Motorcycles Spacy Helm In","Otomatis","Bensin",1,"Indonesia",8.15
2010,"Yamaha","Jupiter Z","Manual","Bensin",1,"Indonesia",6.35
2014,"Honda","Motorcycles Scoopy Fi","Otomatis","Bensin",1,"Indonesia",11.4
2013,"Yamaha","V-Ixion","Manual","Bensin",1,"Indonesia",11.65
2014,"Suzuki","Satria Fu","Manual","Bensin",1,"Indonesia",9.55
2009,"Kawasaki","Ninja 250","Manual","Bensin",1,"Indonesia",24.2
2018,"Yamaha","Mio S","Otomatis","Bensin",1,"Indonesia",9.7
2015,"Honda","Motorcycles Supra X","Manual","Bensin",1,"Indonesia",10.85
2015,"Yamaha","Vega Rr","Manual","Bensin",1,"Indonesia",7.45
2016,"Honda","Motorcycles Beat Pop","Otomatis","Bensin",1,"Indonesia",10.4
2018,"Honda","Motorcycles Cb Verza","Manual","Bensin",1,"Indonesia",15.55
2017,"Suzuki","Gsx R 150","Manual","Bensin",1,"Indonesia",18.2
2018,"Yamaha","Mx King","Manual","Bensin",1,"Indonesia",13.2
2018,"Yamaha","V-Ixion Lightning","Manual","Bensin",1,"Indonesia",19.5
2019,"Yamaha","Nmax","Otomatis","Bensin",1,"Indonesia",26
2017,"Honda","Motorcycles Supra X","Manual","Bensin",1,"Indonesia",11.85
2015,"Yamaha","Yzf R15","Manual","Bensin",1,"Indonesia",19
2017,"Honda","Motorcycles Vario Techno Fi","Otomatis","Bensin",1,"Indonesia",14.65
2016,"Honda","Motorcycles Vario Techno 150","Otomatis","Bensin",1,"Indonesia",15.6
2019,"Honda","Motorcycles Sonic R","Manual","Bensin",1,"Indonesia",16.75
2017,"Honda","Motorcycles Beat Pop","Otomatis","Bensin",1,"Indonesia",10.85
2019,"Yamaha","Nmax","Otomatis","Bensin",1,"Indonesia",25.95
2014,"Yamaha","V-Ixion Lightning","Manual","Bensin",1,"Indonesia",14.85
2013,"Honda","Motorcycles Vario Techno Fi","Otomatis","Bensin",1,"Indonesia",10.8
2018,"Honda","Motorcycles Cb 150R","Manual","Bensin",1,"Indonesia",21
2013,"Yamaha","V-Ixion Lightning","Manual","Bensin",1,"Indonesia",14.35
2017,"Yamaha","Aerox Xi","Otomatis","Bensin",20000,"Indonesia",19
2003,"Yamaha","RX King","Manual","Bensin",1,"Medan",12
2016,"Yamaha","YZF R15","Manual","Bensin",999999,"Medan",25
2018,"Yamaha","X-Ride","Otomatis","Bensin",1,"Indonesia",13
2018,"Honda","Motorcycles Cb 150R","Manual","Bensin",1,"Indonesia",22.5
2015,"Honda","Motorcycles Cb 150R","Manual","Bensin",1,"Indonesia",19
2015,"Honda","Motorcycles Beat Fi","Otomatis","Bensin",1,"Indonesia",12
2018,"Yamaha","Nmax","Otomatis","Bensin",1,"Indonesia",25.6
2015,"Honda","Motorcycles Vario Techno 150","Otomatis","Bensin",1,"Indonesia",17
2016,"Honda","Motorcycles Vario Techno 150","Otomatis","Bensin",1,"Indonesia",17
2016,"Honda","Motorcycles Scoopy Fi","Otomatis","Bensin",1,"Indonesia",15.5
2018,"Honda","Motorcycles Sonic R","Manual","Bensin",1,"Indonesia",16.9
2017,"Yamaha","Aerox","Otomatis","Bensin",1,"Indonesia",18.5
2016,"Yamaha","Nmax","Otomatis","Bensin",1,"Indonesia",23.5
2015,"Honda","Motorcycles Scoopy Fi","Otomatis","Bensin",1,"Indonesia",12.8
2015,"Honda","Motorcycles Beat Pop","Otomatis","Bensin",1,"Indonesia",10
2016,"Honda","Motorcycles Cb 150R","Manual","Bensin",1,"Indonesia",22
2018,"Honda","Motorcycles Cb Verza","Manual","Bensin",1,"Indonesia",17.5
2018,"Yamaha","Yzf R15","Manual","Bensin",1,"Indonesia",27
2017,"Honda","Motorcycles Supra Gtr","Manual","Bensin",1,"Indonesia",15
2015,"Honda","Motorcycles Cb 150R","Manual","Bensin",1,"Indonesia",19
2015,"Honda","Motorcycles Supra X","Manual","Bensin",1,"Indonesia",13
2013,"Honda","Motorcycles Supra X","Manual","Bensin",1,"Indonesia",13
2018,"Yamaha","V-Ixion Lightning","Manual","Bensin",1,"Indonesia",21.25
2015,"Honda","Motorcycles Sonic","Manual","Bensin",2000,"Indonesia",10
1990,"Honda","Motorcycles GL 125 CDi Custom...","Manual","Bensin",2e+05,"Subang",9
2012,"Yamaha","Jupiter MX","Manual","Bensin",65000,"Indonesia",7.6
2018,"Honda","Motorcycles PCX","Otomatis","Bensin",10600,"DKI Jakarta",25.9
2018,"Suzuki","Satria Fu","Manual","Bensin",1,"Indonesia",15.8
2018,"Honda","Motorcycles Cb 150R","Manual","Bensin",1,"Indonesia",22
2018,"Honda","Motorcycles Beat Fi","Otomatis","Bensin",1,"Indonesia",13.95
2018,"Honda","Motorcycles Cbr 150R","Manual","Bensin",1,"Indonesia",29.35
2016,"Kawasaki","Ninja 250 Fi","Manual","Bensin",1,"Indonesia",47.5
2013,"Suzuki","Satria Fu","Manual","Bensin",1,"Indonesia",9.7
2018,"Suzuki","Nex Ii","Otomatis","Bensin",1,"Indonesia",10.1
2018,"Suzuki","Address Cw Fi","Otomatis","Bensin",1,"Indonesia",10.2
2018,"Suzuki","Nex Ii","Otomatis","Bensin",1,"Indonesia",9.5
2018,"Suzuki","Nex Ii","Otomatis","Bensin",1,"Indonesia",9.5
2009,"Honda","Motorcycles Supra X","Manual","Bensin",1,"Indonesia",6.5
2014,"Honda","Motorcycles Revo Cw","Manual","Bensin",1,"Indonesia",8.3
2018,"Honda","Motorcycles Supra X","Manual","Bensin",1,"Indonesia",13.7
2018,"Suzuki","GSX / Katana","Manual","Bensin",3100,"Indonesia",21
2011,"Suzuki","Satria F150","Manual","Bensin",788477,"Indonesia",9
1100,"2012","Ducati Monster Evo","Manual","Bensin",20000,"Bekasi",220
2003,"Honda","Motorcycles CB GL","Manual","Bensin",1000,"Indonesia",14
2009,"Honda","Motorcycles Supra X","Manual","Bensin",1,"Indonesia",6.3
2015,"Honda","Motorcycles Cbr 150R","Manual","Bensin",1,"Indonesia",21
2015,"Yamaha","V-Ixion Movistar","Otomatis","Bensin",1,"Indonesia",19
2018,"Honda","Motorcycles Vario 125","Otomatis","Bensin",1,"Indonesia",18
2015,"Honda","Motorcycles Beat Fi","Otomatis","Bensin",1,"Indonesia",11.8
2017,"Honda","Motorcycles Vario Techno Fi","Otomatis","Bensin",1,"Indonesia",16.8
2010,"Yamaha","Mio Soul","Otomatis","Bensin",1,"Indonesia",5
2003,"Yamaha","Rx King","Manual","Bensin",1,"Indonesia",9
2015,"Yamaha","V-Ixion Lightning","Manual","Bensin",1,"Indonesia",17.5
2015,"Honda","Motorcycles Vario Techno Fi","Otomatis","Bensin",1,"Indonesia",15.8
2015,"Honda","Motorcycles Vario Techno Fi","Otomatis","Bensin",1,"Indonesia",12.8
2018,"Honda","Motorcycles Vario 150","Otomatis","Bensin",1,"Indonesia",19.5
2018,"Honda","Motorcycles Vario 150","Otomatis","Bensin",1,"Indonesia",19.8
2018,"Honda","Motorcycles Vario 125 Fi","Otomatis","Bensin",1,"Indonesia",18.5
2018,"Yamaha","Mio M3","Otomatis","Bensin",1,"Indonesia",11.5
2011,"Kawasaki","Ninja Ss","Manual","Bensin",1,"Indonesia",16.5
2016,"Honda","Motorcycles Beat Fi","Otomatis","Bensin",1,"Indonesia",11.3
2014,"Honda","Motorcycles Vario Techno Fi","Otomatis","Bensin",1,"Indonesia",12.8
2018,"Honda","Motorcycles Vario 125 Fi","Otomatis","Bensin",1,"Indonesia",17.8
2019,"Honda","Motorcycles Beat Fi","Otomatis","Bensin",1,"Indonesia",15
2017,"Honda","Motorcycles Vario Techno 150","Otomatis","Bensin",1,"Indonesia",17.7
2018,"Honda","Motorcycles Vario Techno 150","Otomatis","Bensin",1,"Indonesia",18.8
2015,"Honda","Motorcycles Vario Techno 150","Otomatis","Bensin",1,"Indonesia",15.7
2014,"Honda","Motorcycles Cb 150R","Manual","Bensin",1,"Indonesia",14.8
2017,"Honda","Motorcycles Revo Fi","Manual","Bensin",1,"Indonesia",11
2017,"Honda","Motorcycles CBR 150R","Manual","Bensin",36500,"Indonesia",25
2013,"Kawasaki","KLX","Otomatis","Bensin",5579,"Bogor",23
2018,"KTM","Duke 390","Manual","Bensin",300,"Bandung",98
2008,"Harley-Davidson","Street","Manual","Bensin",17000,"Bogor",245
2012,"Yamaha","Byson","Manual","Bensin",1,"Indonesia",7
2019,"Honda","Motorcycles Scoopy Esp","Otomatis","Bensin",1,"Indonesia",15
2018,"Honda","Motorcycles Vario Techno Fi","Otomatis","Bensin",1,"Indonesia",16.5
2018,"Honda","Motorcycles Beat Esp","Otomatis","Bensin",1,"Indonesia",12.5
2017,"Honda","Motorcycles Vario Techno Fi","Otomatis","Bensin",1,"Indonesia",11.5
2010,"Honda","Motorcycles Supra X","Manual","Bensin",1,"Indonesia",7.8
2008,"Honda","Motorcycles Supra X","Manual","Bensin",1,"Indonesia",7.8
2012,"Honda","Motorcycles Vario Techno Fi","Otomatis","Bensin",1,"Indonesia",10
2019,"Honda","Motorcycles Vario Techno 150","Otomatis","Bensin",1,"Indonesia",17
2019,"Honda","Motorcycles Supra X","Manual","Bensin",1,"Indonesia",14
2013,"Yamaha","Jupiter Mx","Manual","Bensin",1,"Indonesia",6.5
2017,"Honda","Motorcycles Beat Esp","Otomatis","Bensin",1,"Indonesia",12.25
2018,"Honda","Motorcycles Beat Street","Otomatis","Bensin",1,"Indonesia",13.5
2019,"Honda","Motorcycles Beat Esp","Otomatis","Bensin",1,"Indonesia",13
2019,"Honda","Motorcycles Beat Esp","Otomatis","Bensin",1,"Indonesia",14
2013,"Honda","Motorcycles Beat Fi","Otomatis","Bensin",1,"Indonesia",8.5
2008,"Honda","Motorcycles Revo","Manual","Bensin",1,"Indonesia",5.2
2013,"Honda","Motorcycles Beat Fi","Otomatis","Bensin",1,"Indonesia",8.4
2018,"Honda","Motorcycles Beat Esp","Otomatis","Bensin",1,"Indonesia",13
2017,"Honda","Motorcycles Beat Esp","Otomatis","Bensin",1,"Indonesia",11.25
2015,"Honda","Motorcycles Beat Esp","Otomatis","Bensin",1,"Indonesia",8
2015,"Honda","Motorcycles Vario Techno Fi","Otomatis","Bensin",1,"Indonesia",11.75
2018,"Honda","Motorcycles Beat Esp","Otomatis","Bensin",1,"Indonesia",13.5
2018,"Honda","Motorcycles Sonic","Manual","Bensin",1,"Indonesia",15
2015,"Kawasaki","ER-6n ABS","Manual","Bensin",10000,"Kota Jkt Utara",100
2016,"Honda","Motorcycles Vario cbs iss","Manual","Bensin",50000,"Bekasi",13.2
2013,"Piaggio","Vespa","Otomatis","Bensin",9000,"Kota Jakarta Timur",21
2010,"Yamaha","Scorpio","Manual","Bensin",5000,"Kota Tgr. Sel.",27
2015,"Honda","Motorcycles Revo","Manual","Bensin",14800,"Indonesia",8
2015,"Yamaha","NMax","Otomatis","Bensin",31000,"Indonesia",19.5
1973,"Honda","Motorcycles S90","Manual","Bensin",30000,"Bekasi",10
1993,"Piaggio","Excel","Manual","Bensin",6e+05,"Indonesia",10
2018,"Yamaha","Aerox 155 S","Otomatis","Bensin",6500,"Cimahi",23.8
2015,"Kawasaki","KLX 150","Manual","Bensin",9900,"Kota Jakarta Selatan",20
2015,"Yamaha","YZF R15","Manual","Bensin",10000,"Indonesia",18.5
2017,"Yamaha","N-Max Non ABS","Otomatis","Bensin",30000,"Bekasi",19.5
2015,"Yamaha","N-Max ABS","Otomatis","Bensin",14700,"Bandung",22.65
2011,"Honda","Motorcycles Spacy","Otomatis","Bensin",31000,"Bekasi",6.25
2012,"Ducati","800 monster","Manual","Bensin",17400,"Kota Jakarta Selatan",165
2003,"Yamaha","Scorpio Kotak","Manual","Bensin",80000,"ID",12.5
2016,"Yamaha","Soul GT 125","Otomatis","Bensin",14000,"Indonesia",10
2016,"Honda","Motorcycles CBR 150R","Manual","Bensin",7951,"Bandung",23
2018,"Yamaha","Lexi","Otomatis","Bensin",4783,"Indonesia",16.5
2016,"Suzuki","Satria Fu","Manual","Bensin",1,"Indonesia",12
2018,"Yamaha","Nmax","Otomatis","Bensin",1,"Indonesia",25.9
2014,"Yamaha","Xeon Rc","Otomatis","Bensin",1,"Indonesia",7.5
2015,"Kawasaki","Ninja Rr","Manual","Bensin",1,"Indonesia",31.7
2017,"Suzuki","Gsx R 150","Manual","Bensin",1,"Indonesia",20.8
2014,"Honda","Motorcycles Beat Fi","Otomatis","Bensin",1,"Indonesia",10.7
2018,"Yamaha","Mio M3","Otomatis","Bensin",1,"Indonesia",11.6
2017,"Honda","Motorcycles Beat Street","Otomatis","Bensin",1,"Indonesia",14.2
2017,"Honda","Motorcycles Cb 150R","Manual","Bensin",1,"Indonesia",19.2
2017,"Kawasaki","Klx 150","Manual","Bensin",1,"Indonesia",28.5
2018,"Honda","Motorcycles Sonic","Manual","Bensin",1,"Indonesia",15.9
2010,"Yamaha","Jupiter Z","Manual","Bensin",1,"Indonesia",6.95
2018,"Yamaha","Aerox Vva","Otomatis","Bensin",1,"Indonesia",20.4
2014,"Kawasaki","Ninja R","Manual","Bensin",1,"Indonesia",23.5
2018,"Honda","Motorcycles Pcx","Otomatis","Bensin",1,"Indonesia",30.2
2017,"Honda","Motorcycles Sonic","Manual","Bensin",1,"Indonesia",17.1
2011,"Yamaha","Mio Sporty","Otomatis","Bensin",1,"Indonesia",5.8
2018,"Yamaha","Mio M3","Otomatis","Bensin",1,"Indonesia",11.2
2018,"Honda","Motorcycles Scoopy Fi","Otomatis","Bensin",1,"Indonesia",16.7
2016,"Yamaha","Yzf R15","Manual","Bensin",1,"Indonesia",20
2014,"Honda","Motorcycles Beat Fi","Otomatis","Bensin",1,"Indonesia",6.9
2018,"Suzuki","Address","Otomatis","Bensin",1,"Indonesia",9.4
2016,"Honda","Motorcycles Beat Pop","Otomatis","Bensin",1,"Indonesia",10.9
2018,"Yamaha","Fino Sporty Fi","Otomatis","Bensin",1,"Indonesia",13
2017,"Kawasaki","Klx 150 Bf","Manual","Bensin",1,"Indonesia",30
2018,"Suzuki","Satria Fu","Manual","Bensin",1,"Indonesia",16.3
2017,"Honda","Motorcycles Vario Techno 150","Otomatis","Bensin",1,"Indonesia",18
2018,"Yamaha","Aerox Vva","Otomatis","Bensin",1,"Indonesia",20.9
2014,"Kawasaki","Ninja Rr Mono Sl","Manual","Bensin",1,"Indonesia",26.8
2017,"Honda","Motorcycles Beat Esp","Manual","Bensin",1,"Indonesia",14.5
2017,"Honda","Motorcycles Beat Esp","Manual","Bensin",1,"Indonesia",14.5
2018,"Honda","Motorcycles Beat Pop","Otomatis","Bensin",1,"Indonesia",14.5
2018,"Honda","Motorcycles Vario 150","Otomatis","Bensin",1,"Indonesia",21
2017,"Honda","Motorcycles Beat Street","Manual","Bensin",1,"Indonesia",14.5
2018,"Honda","Motorcycles Supra X","Otomatis","Bensin",1,"Indonesia",13.5
2014,"Yamaha","Mio Gt","Manual","Bensin",1,"Indonesia",9
2017,"Honda","Motorcycles Vario 150","Otomatis","Bensin",1,"Indonesia",17.5
2013,"Yamaha","Mio Gt","Manual","Bensin",1,"Indonesia",8
2018,"Honda","Motorcycles Scoopy","Otomatis","Bensin",16000,"Indonesia",16.8
2018,"Kawasaki","Ninja 250 SE ABS","Manual","Bensin",2612,"Mataram",63.5
2015,"Piaggio","Primavera 150","Otomatis","Bensin",36000,"Indonesia",31
2005,"KTM","990 Super Duke","Manual","Bensin",14000,"Kota Jakarta Timur",250
1991,"Honda","Motorcycles Astrea Grand Bulus","Manual","Bensin",70000,"Kabupaten Sragen",4
2016,"Viar","Karya long 200","Manual","Bensin",8000,"Sidoarjo",18
2017,"Yamaha","N-Max Non ABS","Otomatis","Bensin",7000,"Bekasi",21.5
2018,"Piaggio","Sprint","Otomatis","Bensin",5800,"Bandung",41.5
2017,"Yamaha","YZF R15","Manual","Bensin",20000,"Kota Bks",26.5
2017,"Honda","Motorcycles Beat All New Fi","Otomatis","Bensin",25000,"Indonesia",12
2010,"Kawasaki","Ninja RR","Manual","Bensin",10000,"Bogor",17.5
2007,"Suzuki","Thunder","Otomatis","Bensin",1000,"Bogor",3
2011,"KTM","Milan TM125","Otomatis","Bensin",5800,"Medan",3
2014,"Kawasaki","Ninja 150RR SE","Manual","Bensin",10420,"Indonesia",27
2015,"Honda","Motorcycles CBR 150R","Manual","Bensin",26000,"Jakarta Pusat",22
2014,"Honda","Motorcycles Revo Fit","Manual","Bensin",1,"Indonesia",6.3
2009,"Yamaha","Mio","Otomatis","Bensin",1,"Indonesia",4.2
2009,"Suzuki","Skydrive","Otomatis","Bensin",1,"Indonesia",4.5
2015,"Honda","Motorcycles Revo Fit","Manual","Bensin",1,"Indonesia",6.5
2010,"Honda","Motorcycles Vario","Otomatis","Bensin",1,"Indonesia",4
2010,"Honda","Motorcycles Vario","Otomatis","Bensin",1,"Indonesia",3.5
2011,"Yamaha","Mio","Otomatis","Bensin",1,"Indonesia",3.5
2011,"Yamaha","Mio Soul","Otomatis","Bensin",1,"Indonesia",4.2
2017,"Honda","Motorcycles Beat Esp","Otomatis","Bensin",1,"Indonesia",13
2010,"Honda","Motorcycles Revo Absolute","Manual","Bensin",1,"Indonesia",4.3
2011,"Yamaha","Mio","Otomatis","Bensin",1,"Indonesia",4
2011,"Yamaha","Mio","Otomatis","Bensin",1,"Indonesia",4.5
2010,"Yamaha","Mio Soul","Otomatis","Bensin",1,"Indonesia",3.5
2012,"Yamaha","Vega Zr","Manual","Bensin",1,"Indonesia",3.5
2008,"Yamaha","Mio","Otomatis","Bensin",1,"Indonesia",3.5
2012,"Yamaha","Vega Zr","Manual","Bensin",1,"Indonesia",3.6
2012,"Honda","Motorcycles Revo Fit","Manual","Bensin",1,"Indonesia",5.5
2011,"Honda","Motorcycles Revo","Manual","Bensin",1,"Indonesia",4.5
2009,"Honda","Motorcycles Beat","Otomatis","Bensin",1,"Indonesia",7.5
2009,"Yamaha","Mio Soul","Otomatis","Bensin",1,"Indonesia",4.5
2010,"Yamaha","Mio","Otomatis","Bensin",1,"Indonesia",3.9
2015,"Honda","Motorcycles Beat Pop","Otomatis","Bensin",1,"Indonesia",9.5
2011,"Suzuki","Satria Fu","Manual","Bensin",1,"Indonesia",6.8
2015,"Honda","Motorcycles Beat Pop","Otomatis","Bensin",1,"Indonesia",9.5
2013,"Yamaha","V-ixion","Manual","Bensin",50686,"Indonesia",12
2015,"Yamaha","YZF R25 MOVISTAR Edition","Manual","Bensin",5500,"Indonesia",38.5
2018,"Cleveland","CycleWerks","Manual","Bensin",800,"Indonesia",48
2008,"Yamaha","Jupiter Z","Manual","Bensin",1,"Indonesia",5
1975,"Honda","Motorcycles C70","Manual","Bensin",17500000,"ID",13.5
2013,"Honda","Motorcycles Vario Techno Fi","Otomatis","Bensin",23417,"Semarang",13.5
2011,"Yamaha","Mio Soul","Otomatis","Bensin",80000,"Indonesia",7.5
2003,"Honda","Motorcycles Karisma X","Manual","Bensin",1,"Indonesia",2.5
2011,"Honda","Motorcycles Blade","Manual","Bensin",1,"Indonesia",6.5
2017,"Honda","Motorcycles Beat Esp","Otomatis","Bensin",1,"Indonesia",12.5
2018,"Yamaha","Mio M3","Otomatis","Bensin",1,"Indonesia",8.8
2017,"Honda","Motorcycles Beat Street","Otomatis","Bensin",1,"Indonesia",12.5
2010,"Honda","Motorcycles Vario","Otomatis","Bensin",1,"Indonesia",4
2016,"Honda","Motorcycles Scoopy Esp","Otomatis","Bensin",1,"Indonesia",10
2010,"Honda","Motorcycles Vario","Otomatis","Bensin",1,"Indonesia",5.5
2013,"Honda","Motorcycles Cb 150","Manual","Bensin",1,"Indonesia",11.2
2013,"Yamaha","Jupiter Mx","Manual","Bensin",1,"Indonesia",8.3
2011,"Yamaha","Mio","Otomatis","Bensin",1,"Indonesia",4.2
2013,"Honda","Motorcycles Vario Techno Fi","Otomatis","Bensin",1,"Indonesia",11.5
2014,"Yamaha","Mio Gt","Otomatis","Bensin",1,"Indonesia",6
2017,"Honda","Motorcycles Beat Esp","Otomatis","Bensin",1,"Indonesia",12.5
2014,"Honda","Motorcycles Beat Fi","Otomatis","Bensin",1,"Indonesia",7
2018,"Honda","Motorcycles Beat Pop","Otomatis","Bensin",1,"Indonesia",11.5
2014,"Honda","Motorcycles Beat Fi","Otomatis","Bensin",1,"Indonesia",7
2015,"Honda","Motorcycles Beat Esp","Otomatis","Bensin",1,"Indonesia",8.8
2012,"Yamaha","Vega Zr","Manual","Bensin",1,"Indonesia",4.8
2017,"Honda","Motorcycles Vario Techno Fi","Otomatis","Bensin",1,"Indonesia",15
2010,"Honda","Motorcycles Beat","Otomatis","Bensin",1,"Indonesia",4.5
2010,"Honda","Motorcycles Beat","Otomatis","Bensin",1,"Indonesia",4.5
2010,"Honda","Motorcycles Vario","Otomatis","Bensin",1,"Indonesia",4.5
2017,"Yamaha","YZF R15","Manual","Bensin",26000,"Indonesia",23
2018,"Honda","Motorcycles CBR 150R","Manual","Bensin",6000,"Bekasi",26.5
2019,"Honda","Motorcycles Beat All New Fi","Manual","Bensin",110633,"Tangerang",13.5
2018,"Honda","Motorcycles Beat Pop","Manual","Bensin",10234,"Tangerang",11.5
2015,"Kawasaki","Z 250SL","Manual","Bensin",9100,"Jakarta Timur",24
2018,"Honda","Motorcycles Beat Esp","Otomatis","Bensin",1,"Indonesia",15.75
2018,"Honda","Motorcycles Pcx","Otomatis","Bensin",1,"Indonesia",30
2018,"Yamaha","Freego","Otomatis","Bensin",1,"Indonesia",18
2017,"Honda","Motorcycles Scoopy Esp","Otomatis","Bensin",1,"Indonesia",17.5
2019,"Honda","Motorcycles Vario","Otomatis","Bensin",1,"Indonesia",22
2011,"Honda","Motorcycles Beat","Otomatis","Bensin",1,"Indonesia",7.5
2019,"Honda","Motorcycles Revo X","Manual","Bensin",1,"Indonesia",13.5
2007,"Honda","Motorcycles Supra X","Manual","Bensin",1,"Indonesia",7.5
2013,"Yamaha","Xeon Rc","Otomatis","Bensin",1,"Indonesia",9
2013,"Yamaha","Mio Gt","Otomatis","Bensin",1,"Indonesia",8
2018,"Honda","Motorcycles Vario","Otomatis","Bensin",1,"Indonesia",21
2017,"Honda","Motorcycles Vario","Otomatis","Bensin",1,"Indonesia",18.5
2018,"Honda","Motorcycles Scoopy Esp","Otomatis","Bensin",1,"Indonesia",18.5
2018,"Honda","Motorcycles Beat Street","Otomatis","Bensin",1,"Indonesia",15.25
2012,"Honda","Motorcycles Beat","Otomatis","Bensin",1,"Indonesia",8
2017,"Suzuki","Gsx 150","Manual","Bensin",1,"Indonesia",20
2019,"Honda","Motorcycles Beat Street","Otomatis","Bensin",1,"Indonesia",16.55
2017,"Yamaha","YZF R15","Manual","Bensin",800,"Indonesia",26
2009,"Honda","Motorcycles CS One","Manual","Bensin",12480,"Indonesia",5.9
2014,"Honda","Motorcycles CBR 150","Manual","Bensin",10000,"Indonesia",20
1969,"Piaggio","Vespa super","Manual","Bensin",21929,"Kota Jakarta Pusat",25
2013,"Kawasaki","ER-6n","Manual","Bensin",17800,"Indonesia",74.5
2015,"Honda","Motorcycles CB sport","Manual","Bensin",5e+05,"Jakarta Timur",15.5
2019,"Honda","Motorcycles CBR STD","Manual","Bensin",10004,"Bekasi",25
2005,"Yamaha","Jupiter Z","Manual","Bensin",19515,"Kota Bks",4.8
2010,"Honda","Motorcycles Scoopy","Otomatis","Bensin",25000,"Kediri",9.5
2014,"Yamaha","V-ixion NVL","Manual","Bensin",29700,"Indonesia",11
2017,"Honda","Motorcycles Vario 150 CBS ISS","Otomatis","Bensin",25000,"Indonesia",16.5
2018,"Yamaha","NMax Non ABS Take Over","Otomatis","Bensin",13000,"Indonesia",13
2008,"Honda","Motorcycles Revo","Manual","Bensin",89000,"Indonesia",4.3
2013,"Kawasaki","Ninja RR","Manual","Bensin",2000,"Indonesia",23
1970,"Piaggio","Vespa Sprint","Manual","Bensin",20000,"Indonesia",21
2004,"Suzuki","Satria","Manual","Bensin",11111,"Indonesia",17
2015,"Honda","Motorcycles Beat OVER KREDIT","Otomatis","Bensin",5000,"Indonesia",7.6
2017,"Kawasaki","Z 125","Manual","Bensin",6000,"Indonesia",23
2013,"Honda","Motorcycles Mega Pro","Manual","Bensin",23000,"Indonesia",11
2014,"Piaggio","LXV 150","Otomatis","Bensin",30000,"Bekasi",23
2016,"Yamaha","NMax","Otomatis","Bensin",3200,"Indonesia",23.5
2015,"Kawasaki","Vulcan S","Manual","Bensin",5700,"Depok",140
2008,"Honda","Motorcycles Supra FIT X","Manual","Bensin",2500,"Garut",4.5
2017,"Yamaha","Aerox S","Otomatis","Bensin",75000,"Surabaya",23
2011,"Honda","Motorcycles Supra X 125R","Otomatis","Bensin",7882,"Indonesia",8
2019,"Benelli","TNT 250","Manual","Bensin",3000,"Indonesia",51
1992,"Honda","Motorcycles Astrea grand bulus","Manual","Bensin",80000,"Kabupaten Sragen",5.5
2019,"Honda","Motorcycles Beat All New Fi","Otomatis","Bensin",9000,"Bekasi",13.2
2009,"Yamaha","Jupiter MX","Otomatis","Bensin",37000,"Bekasi",5.2
2010,"Honda","Motorcycles Tiger","Manual","Bensin",28277,"Indonesia",18
2018,"Honda","Motorcycles CBR 250 RR ABS","Manual","Gas",4000,"Jakarta Barat",56
2014,"MV","Agusta F4","Manual","Bensin",7300,"Kota Jkt Utara",420
2017,"Yamaha","X-MAX ABS","Otomatis","Bensin",7000,"Bogor",48
2013,"Piaggio","LX 150","Otomatis","Bensin",22000,"Kota Bks",23.5
2016,"Kawasaki","KLX 150BF SE","Manual","Bensin",17000,"Tangerang",25.5
2012,"Honda","Motorcycles Mega Pro","Manual","Bensin",60000,"Semarang",10
2013,"Kawasaki","Ninja 150R","Manual","Bensin",31000,"Indonesia",17
2015,"Honda","Motorcycles Beat Fi","Otomatis","Bensin",1,"Indonesia",9
2014,"Honda","Motorcycles Beat Fi","Otomatis","Bensin",1,"Indonesia",6
2019,"Honda","Motorcycles Scoopy Esp","Otomatis","Bensin",1,"Indonesia",17.5
2017,"Honda","Motorcycles Vario","Otomatis","Bensin",1,"Indonesia",13.5
2017,"Honda","Motorcycles Supra X","Manual","Bensin",1,"Indonesia",10
2009,"Yamaha","Jupiter Mx","Manual","Bensin",1,"Indonesia",4.5
2018,"Honda","Motorcycles Beat Esp","Otomatis","Bensin",1,"Indonesia",13.5
2018,"Honda","Motorcycles Vario 125","Otomatis","Bensin",1,"Indonesia",15.5
2018,"Honda","Motorcycles Pcx","Otomatis","Bensin",1,"Indonesia",27
2018,"Honda","Motorcycles Scoopy Esp","Otomatis","Bensin",1,"Indonesia",16
2011,"Honda","Motorcycles Supra X","Manual","Bensin",1,"Indonesia",7
2019,"Honda","Motorcycles Beat Esp","Otomatis","Bensin",1,"Indonesia",14
2018,"Honda","Motorcycles Scoopy Esp","Otomatis","Bensin",1,"Indonesia",16
2019,"Honda","Motorcycles Sonic","Manual","Bensin",1,"Indonesia",15.5
2018,"Honda","Motorcycles Beat Street","Otomatis","Bensin",1,"Indonesia",13
2018,"Honda","Motorcycles Scoopy Esp","Otomatis","Bensin",1,"Indonesia",16.5
2017,"Honda","Motorcycles Vario 150","Otomatis","Bensin",1,"Indonesia",15
2017,"Honda","Motorcycles Supra X New 125 FI","Manual","Bensin",9400,"Indonesia",12.5
2015,"Honda","Motorcycles Vario Techno 150","Otomatis","Bensin",93210,"Sukabumi",13
2016,"Yamaha","Xabre","Otomatis","Bensin",27000,"Indonesia",19
1977,"Piaggio","Vespa Super","Manual","Bensin",123456,"Tangerang",12.5
2004,"Piaggio","Vespa PX 150 exclusive-2","Manual","Bensin",123456,"Tangerang",19.5
2015,"Kawasaki","Ninja KRR 150R","Manual","Bensin",17000,"Jakarta Timur",27
2015,"Yamaha","NMax ABS","Otomatis","Bensin",33263,"Kota Jakarta Selatan",25
2016,"Yamaha","YZF R25","Manual","Bensin",24000,"Indonesia",40
2012,"Honda","Motorcycles Vario Absolute","Otomatis","Bensin",30000,"Indonesia",9.5
2016,"Kawasaki","Ninja","Manual","Bensin",1670,"Indonesia",42
2017,"KTM","RC","Manual","Bensin",3800,"Indonesia",39
2019,"Yamaha","NMax","Otomatis","Bensin",5314,"Kota Jakarta Timur",25.5
2019,"Yamaha","FreeGo S Non ABS","Otomatis","Bensin",733,"Bekasi",15.5
2013,"Honda","Motorcycles CBR 150R CBU","Manual","Bensin",11000,"Jakarta Pusat",15.5
2016,"Honda","Motorcycles Vario Techno 150","Otomatis","Bensin",21000,"Depok",14.5
2017,"Honda","Motorcycles Vario 125","Otomatis","Bensin",18500,"Surabaya",16.25
2008,"Honda","Motorcycles Beat","Manual","Bensin",4500,"Indonesia",8.5
2013,"Yamaha","Mio soul gt","Otomatis","Bensin",25,"Indonesia",7.5
2018,"Kawasaki","W175 SE","Manual","Bensin",9000,"Indonesia",27
2013,"Kawasaki","Ninja 250 fi","Manual","Bensin",27000,"Indonesia",34.9
2017,"Honda","Motorcycles Vario 150","Otomatis","Bensin",10000,"Indonesia",16.5
2018,"Yamaha","NMax","Otomatis","Bensin",5500,"Indonesia",24.5
2012,"Ducati","Monster 795","Manual","Bensin",17400,"Kota Jakarta Selatan",165
2015,"BMW","R nine T rninet","Manual","Bensin",3600,"Kota Jakarta Selatan",593
2018,"Yamaha","Aerox S ABS","Otomatis","Bensin",9000,"Jakarta Timur",23.5
2017,"Royal","Enfield Classic","Manual","Bensin",45000,"Kota Jakarta Selatan",67
2011,"Harley-Davidson","Sportster","Manual","Bensin",6000,"Kota Jakarta Selatan",215
2012,"Kawasaki","ER-6f","Manual","Bensin",25000,"Depok",76.5
2018,"Benelli","Motobi BS 200","Manual","Bensin",10000,"Semarang",30
2018,"Honda","Motorcycles Beat Esp","Otomatis","Bensin",1,"Indonesia",12
2015,"Yamaha","Soul","Otomatis","Bensin",1,"Indonesia",11.5
2019,"Honda","Motorcycles Beat Street","Otomatis","Bensin",1,"Indonesia",14
2016,"Honda","Motorcycles Beat Esp","Otomatis","Bensin",1,"Indonesia",7.5
2019,"Honda","Motorcycles Beat Esp","Otomatis","Bensin",1,"Indonesia",13
2016,"Honda","Motorcycles Beat Pop","Otomatis","Bensin",1,"Indonesia",11.5
2018,"Honda","Motorcycles Beat Street","Otomatis","Bensin",1,"Indonesia",12.5
2019,"Honda","Motorcycles Vario","Otomatis","Bensin",1,"Indonesia",18.5
2016,"Honda","Motorcycles Cbr 150","Manual","Bensin",1,"Indonesia",26
2018,"Kawasaki","D-Tracker 150","Manual","Bensin",1,"Indonesia",29.5
2016,"Yamaha","Nmax","Otomatis","Bensin",1,"Indonesia",28
2011,"Yamaha","Mio","Otomatis","Bensin",1,"Indonesia",7.5
2019,"Yamaha","V-Ixion","Manual","Bensin",1,"Indonesia",21.5
2011,"Honda","Motorcycles Vario","Otomatis","Bensin",1,"Indonesia",8.5
2018,"Kawasaki","Ninja 250RR Mono","Manual","Bensin",4100,"Indonesia",31
2011,"Bajaj","Pulsar","Manual","Bensin",6700,"Indonesia",6.7
2011,"Honda","Motorcycles Vario Techno CBS","Otomatis","Bensin",40110,"Indonesia",8
2015,"Yamaha","V-ixion New Advance Moto GP ...","Manual","Bensin",76000,"Indonesia",17
2016,"Kawasaki","Ninja BX250A","Manual","Bensin",14642,"Serang",40
2003,"Suzuki","Satria","Manual","Bensin",80000,"Kendal",10
2005,"Yamaha","Scorpio","Manual","Bensin",60000,"Indonesia",10.25
2013,"Yamaha","V-ixion","Manual","Bensin",59000,"Tangerang",12.5
2014,"Kawasaki","Ninja 150 RR","Manual","Bensin",18000,"Indonesia",26
2009,"Honda","Motorcycles CS One 125 cc","Manual","Bensin",16042,"Indonesia",8
2017,"Yamaha","V-ixion","Manual","Bensin",19000,"Indonesia",18
2005,"Honda","Motorcycles CBR 150 R","Manual","Bensin",6e+05,"Indonesia",16
2016,"Honda","Motorcycles CBR","Manual","Bensin",6500,"Tangerang Selatan",22
2016,"Kawasaki","Ninja 250 SE Limited","Manual","Bensin",6000,"Indonesia",51
2003,"Yamaha","RX135 king","Manual","Bensin",30000,"Indonesia",19
2017,"Honda","Motorcycles Sonic 150 R SE","Manual","Bensin",11000,"Indonesia",14
2013,"Honda","Motorcycles Vario 125 techno","Otomatis","Bensin",75604,"Indonesia",8
2014,"Piaggio","GTS 3v ie","Otomatis","Bensin",42000,"Indonesia",29.5
2013,"Honda","Motorcycles Vario CBS","Otomatis","Bensin",50000,"Tangerang",9.75
2017,"Honda","Motorcycles Vario Techno Fi","Otomatis","Bensin",1,"Indonesia",15.2
2017,"Honda","Motorcycles Scoopy Fi","Otomatis","Bensin",1,"Indonesia",16.2
2007,"Yamaha","Jupiter Z","Manual","Bensin",1,"Indonesia",8
2015,"Honda","Motorcycles Beat Fi","Otomatis","Bensin",1,"Indonesia",13
2014,"Honda","Motorcycles Supra X","Manual","Bensin",1,"Indonesia",11.4
2016,"Honda","Motorcycles Scoopy Fi","Otomatis","Bensin",1,"Indonesia",13.9
2014,"Kawasaki","Klx 150","Manual","Bensin",1,"Indonesia",22.8
2016,"Yamaha","Nmax","Otomatis","Bensin",1,"Indonesia",22.8
2018,"Yamaha","Lexi","Otomatis","Bensin",1,"Indonesia",16.3
2017,"Honda","Motorcycles Vario Techno 150","Otomatis","Bensin",1,"Indonesia",20
2015,"Kawasaki","Ninja 250 Fi","Manual","Bensin",1,"Indonesia",44.95
2014,"Honda","Motorcycles Supra X","Manual","Bensin",1,"Indonesia",10.8
2012,"Honda","Motorcycles Supra X","Manual","Bensin",1,"Indonesia",11.8
2008,"Honda","Motorcycles Supra X","Manual","Bensin",1,"Indonesia",5.9
2015,"Honda","Motorcycles Beat Fi","Otomatis","Bensin",1,"Indonesia",13
2018,"Honda","Motorcycles Vario 150","Otomatis","Bensin",1,"Indonesia",22
2013,"Yamaha","V-Ixion Lightning","Manual","Bensin",1,"Indonesia",13.5
2018,"Suzuki","Gsx R 150","Manual","Bensin",1,"Indonesia",18.5
2017,"Yamaha","V-Ixion Lightning","Manual","Bensin",1,"Indonesia",18.3
2018,"Honda","Motorcycles Beat Fi","Otomatis","Bensin",1,"Indonesia",13.3
2012,"Yamaha","V-Ixion","Manual","Bensin",1,"Indonesia",13.5
2015,"Yamaha","Mio J","Otomatis","Bensin",1,"Indonesia",10
2016,"Yamaha","Jupiter Z1","Manual","Bensin",1,"Indonesia",10.5
2009,"Honda","Motorcycles Vario Absolute","Otomatis","Bensin",1,"Indonesia",7
2012,"Yamaha","V-Ixion","Manual","Bensin",1,"Indonesia",11.5
2018,"Honda","Motorcycles PCX 150 CBS","Otomatis","Bensin",3000,"Indonesia",27
2019,"Yamaha","Lexi","Otomatis","Bensin",4810,"Kota Jakarta Pusat",17.25
2018,"Yamaha","YZF R15","Manual","Bensin",18000,"Indonesia",28
2015,"Yamaha","Xeon GT","Otomatis","Bensin",50500,"Indonesia",8
2013,"Piaggio","LX","Otomatis","Bensin",12000,"Indonesia",20
2018,"Yamaha","Nmax","Otomatis","Bensin",1,"Indonesia",26.5
2011,"Honda","Motorcycles Vario Techno Fi","Otomatis","Bensin",1,"Indonesia",8.8
2009,"Honda","Motorcycles Supra X","Manual","Bensin",1,"Indonesia",8.9
2009,"Suzuki","Satria Fu","Manual","Bensin",1,"Indonesia",6
2018,"Honda","Motorcycles Sonic","Manual","Bensin",1,"Indonesia",16.8
2017,"Suzuki","Satria Fu","Manual","Bensin",1,"Indonesia",14.8
2018,"Yamaha","V-Ixion Lightning","Manual","Bensin",1,"Indonesia",21.35
2011,"Honda","Motorcycles Supra X","Otomatis","Bensin",1,"Indonesia",11.6
2015,"Honda","Motorcycles Vario Techno","Otomatis","Bensin",1,"Indonesia",15
2015,"Honda","Motorcycles Scoopy Fi","Otomatis","Bensin",1,"Indonesia",12
2016,"Honda","Motorcycles Vario Techno Fi","Otomatis","Bensin",1,"Indonesia",15.6
2017,"Honda","Motorcycles Cb 150R","Manual","Bensin",1,"Indonesia",20.8
2018,"Yamaha","Jupiter Z1","Manual","Bensin",1,"Indonesia",14
2018,"Honda","Motorcycles Vario Techno Fi","Otomatis","Bensin",1,"Indonesia",17.2
2015,"Honda","Motorcycles Beat Fi","Otomatis","Bensin",1,"Indonesia",10.8
2015,"Honda","Motorcycles Beat Fi","Otomatis","Bensin",1,"Indonesia",11.5
2018,"Yamaha","V-Ixion Lightning","Manual","Bensin",1,"Indonesia",20
2017,"Honda","Motorcycles Beat Fi","Otomatis","Bensin",1,"Indonesia",13
2018,"Yamaha","Yzf R15","Manual","Bensin",1,"Indonesia",28.5
2015,"Honda","Motorcycles Supra X","Manual","Bensin",1,"Indonesia",11.3
2015,"Honda","Motorcycles CBR 150 K45","Manual","Bensin",11000,"Indonesia",20
2016,"Honda","Motorcycles CBR 150 repsol","Manual","Bensin",16867,"Bekasi",25
2018,"Suzuki","GSX R 150","Manual","Bensin",3800,"Bekasi",20.9
2017,"Honda","Motorcycles Scoopy fi","Otomatis","Bensin",12773,"Medan",15
2016,"Honda","Motorcycles Beat","Otomatis","Bensin",30000,"Semarang",11.5
2013,"Yamaha","Xeon RC","Otomatis","Bensin",75000,"Indonesia",8.3
2016,"Yamaha","Mio Z","Otomatis","Bensin",35000,"Indonesia",10
2017,"Yamaha","MT-01","Manual","Bensin",7000,"Indonesia",275
2014,"Honda","Motorcycles CB 150R","Manual","Bensin",28000,"Bekasi",13
2014,"Kawasaki","Ninja","Manual","Bensin",14000,"Kota Jakarta Timur",26.5
2018,"Yamaha","NMax Non ABS","Otomatis","Bensin",16000,"Jakarta Timur",24.5
2013,"Yamaha","Jupiter MX","Manual","Bensin",27000,"ID",8.2
2015,"Honda","Motorcycles CB 150 cc","Manual","Bensin",23000,"Kediri",17.3
2019,"Yamaha","Freego","Otomatis","Bensin",1,"Indonesia",18
2019,"Yamaha","Lexi","Otomatis","Bensin",1,"Indonesia",19
2017,"Honda","Motorcycles Beat Street","Otomatis","Bensin",1,"Indonesia",13.5
2017,"Honda","Motorcycles Vario 125","Otomatis","Bensin",1,"Indonesia",16.5
2018,"Honda","Motorcycles Scoopy Esp","Otomatis","Bensin",1,"Indonesia",18
2011,"Honda","Motorcycles Spacy","Otomatis","Bensin",1,"Indonesia",7.5
2019,"Yamaha","Aerox","Otomatis","Bensin",1,"Indonesia",24
2015,"Honda","Motorcycles Vario Techno 150","Otomatis","Bensin",1,"Indonesia",16.4
2015,"Kawasaki","Ninja R","Manual","Bensin",1,"Indonesia",26.2
2016,"Yamaha","Fino","Otomatis","Bensin",1,"Indonesia",11.3
2016,"Kawasaki","Ninja 250 Fi","Manual","Bensin",1,"Indonesia",46.9
2015,"Honda","Motorcycles Beat Fi","Otomatis","Bensin",1,"Indonesia",11.5
2015,"Yamaha","Mt-25","Manual","Bensin",1,"Indonesia",39.4
2016,"Honda","Motorcycles Beat Fi","Otomatis","Bensin",1,"Indonesia",12.3
2012,"Kawasaki","Er-6N","Manual","Bensin",1,"Indonesia",73
2018,"Yamaha","Yzf R15","Manual","Bensin",1,"Indonesia",29.23
2019,"Honda","Motorcycles Vario 125","Otomatis","Bensin",1,"Indonesia",17.9
2015,"Kawasaki","Ninja R","Manual","Bensin",1,"Indonesia",25.6
2014,"Kawasaki","Ninja 250 Fi","Manual","Bensin",1,"Indonesia",44.9
2018,"Suzuki","Gsx R 150","Manual","Bensin",1,"Indonesia",20.7
2016,"Kawasaki","Ninja 250 Fi","Manual","Bensin",1,"Indonesia",48.9
2019,"Honda","Motorcycles Pcx","Otomatis","Bensin",1,"Indonesia",29.1
2016,"Kawasaki","Ninja 250 Fi","Manual","Bensin",1,"Indonesia",51.4
2016,"Yamaha","Mio Z","Otomatis","Bensin",1,"Indonesia",10.4
2017,"Yamaha","X-Ride","Otomatis","Bensin",1,"Indonesia",12.6
2014,"Honda","Motorcycles Pcx","Otomatis","Bensin",1,"Indonesia",28.4
2017,"Honda","Motorcycles Cbr 150R","Manual","Bensin",1,"Indonesia",25.7
2015,"Honda","Motorcycles Vario Techno 150","Otomatis","Bensin",1,"Indonesia",16.4
2015,"Kawasaki","Ninja 250 Sl","Manual","Bensin",1,"Indonesia",26.8
2017,"Yamaha","Fino","Otomatis","Bensin",1,"Indonesia",12.7
2018,"Suzuki","Gsx R 150","Manual","Bensin",1,"Indonesia",21.7
2017,"Kawasaki","Ninja 250 Fi","Manual","Bensin",1,"Indonesia",48.9
2018,"Honda","Motorcycles Vario Fi","Otomatis","Bensin",1,"Indonesia",14.5
2016,"Honda","Motorcycles Beat Street","Otomatis","Bensin",1,"Indonesia",13.6
2015,"Kawasaki","Ninja R","Manual","Bensin",1,"Indonesia",26.2
2018,"Honda","Motorcycles Vario 150","Otomatis","Bensin",1,"Indonesia",20.4
2017,"Yamaha","V-Ixion Lightning","Manual","Bensin",1,"Indonesia",18.2
2005,"Honda","Motorcycles Mega Pro","Manual","Bensin",450000,"Indonesia",9
2015,"Kawasaki","ER-6n","Manual","Bensin",12000,"Lamongan",72
2018,"Honda","Motorcycles CBR 250RR","Manual","Bensin",8460,"Jakarta Barat",59
2016,"Yamaha","NMax","Otomatis","Bensin",21000,"Tangerang",20
2015,"Honda","Motorcycles Beat Fi","Otomatis","Bensin",1,"Indonesia",10.8
2015,"Honda","Motorcycles Scoopy Fi","Otomatis","Bensin",1,"Indonesia",12.8
2014,"Yamaha","Xeon Gt 125","Otomatis","Bensin",1,"Indonesia",8.1
2014,"Honda","Motorcycles Scoopy Fi","Otomatis","Bensin",1,"Indonesia",12.3
2016,"Honda","Motorcycles Cbr 150R","Manual","Bensin",1,"Indonesia",20.5
2017,"Yamaha","Nmax","Otomatis","Bensin",1,"Indonesia",23.4
2016,"Yamaha","Yzf R25","Manual","Bensin",1,"Indonesia",36.5
2013,"Yamaha","Byson","Manual","Bensin",1,"Indonesia",12.4
2012,"Kawasaki","Ninja 250 Fi","Manual","Bensin",1,"Indonesia",26
2009,"Yamaha","Vega Zr","Manual","Bensin",1,"Indonesia",5.3
2014,"Honda","Motorcycles Vario Techno Fi","Otomatis","Bensin",1,"Indonesia",12.5
2016,"Yamaha","Yzf R25","Manual","Bensin",1,"Indonesia",35.5
2017,"Honda","Motorcycles Vario Techno 150","Otomatis","Bensin",1,"Indonesia",16.5
2018,"Yamaha","Nmax","Otomatis","Bensin",1,"Indonesia",26
2016,"Suzuki","Satria Fu","Manual","Bensin",1,"Indonesia",11
2014,"Yamaha","V-Ixion Lightning","Manual","Bensin",1,"Indonesia",15.5
2016,"Honda","Motorcycles Cbr 150R","Manual","Bensin",1,"Indonesia",23.4
2017,"Honda","Motorcycles Beat Fi","Otomatis","Bensin",1,"Indonesia",12.8
2014,"Kawasaki","Klx 150","Manual","Bensin",1,"Indonesia",24.8
2010,"Yamaha","Scorpio","Manual","Bensin",1,"Indonesia",26
2011,"Honda","Motorcycles Cbr 250R","Manual","Bensin",1,"Indonesia",24
2010,"Yamaha","Mio Soul","Otomatis","Bensin",1,"Indonesia",5.8
2016,"Yamaha","Yzf R15","Manual","Bensin",1,"Indonesia",20.3
2016,"Yamaha","Nmax","Otomatis","Bensin",1,"Indonesia",22.5
2017,"Yamaha","Yzf R15","Manual","Bensin",1,"Indonesia",28
2017,"Yamaha","Yzf R15","Manual","Bensin",1,"Indonesia",27.8
2015,"Yamaha","V-Ixion Lightning","Manual","Bensin",1,"Indonesia",15.8
2013,"Honda","Motorcycles Scoopy Fi","Otomatis","Bensin",1,"Indonesia",10.8
2018,"Yamaha","Mio Z","Otomatis","Bensin",1,"Indonesia",11
2017,"Honda","Motorcycles Revo Fi","Manual","Bensin",1,"Indonesia",10.5
2007,"Suzuki","Shogun Sp","Manual","Bensin",1,"Indonesia",5.5
2012,"Honda","Motorcycles Vario Fi","Otomatis","Bensin",1,"Indonesia",8.25
2019,"Honda","Motorcycles Revo Fi","Manual","Bensin",1,"Indonesia",11
2019,"Yamaha","Lexi","Otomatis","Bensin",1,"Indonesia",17.5
2014,"Honda","Motorcycles Beat Fi","Otomatis","Bensin",1,"Indonesia",8.6
2018,"Honda","Motorcycles Beat Esp","Otomatis","Bensin",1,"Indonesia",9.4
2015,"Yamaha","Mio M3","Otomatis","Bensin",1,"Indonesia",6.3
2017,"Kawasaki","Ninja 250 Fi","Manual","Bensin",1,"Indonesia",53.5
2018,"Suzuki","Nex Ii","Otomatis","Bensin",1,"Indonesia",11.5
2015,"Kawasaki","Ninja 250 Fi","Manual","Bensin",1,"Indonesia",46
2013,"Honda","Motorcycles Beat Fi","Otomatis","Bensin",1,"Indonesia",7.95
2012,"Suzuki","Nex","Otomatis","Bensin",1,"Indonesia",4.65
2018,"Yamaha","Vega Force","Manual","Bensin",1,"Indonesia",8
2009,"Yamaha","Mio","Otomatis","Bensin",1,"Indonesia",3.3
2013,"Honda","Motorcycles Vario Techno Fi C...","Otomatis","Bensin",42000,"Cimahi",10.5
2011,"Honda","Motorcycles Spacy","Otomatis","Bensin",35000,"Indonesia",6
2016,"Kawasaki","Z 250 ABS","Manual","Bensin",3000,"Kota Tgr. Sel.",46
2015,"Honda","Motorcycles CBR 150R","Manual","Bensin",36181,"Indonesia",15
2017,"KTM","Duke","Manual","Bensin",500,"Indonesia",27.5
2018,"Yamaha","Mio M3","Otomatis","Bensin",1,"Indonesia",10.8
2017,"Honda","Motorcycles Beat Fi","Otomatis","Bensin",1,"Indonesia",13.6
2018,"Honda","Motorcycles Beat Fi","Otomatis","Bensin",1,"Indonesia",14.7
2013,"Honda","Motorcycles Supra X Helm In","Manual","Bensin",1,"Indonesia",12.8
2018,"Honda","Motorcycles Supra X","Manual","Bensin",1,"Indonesia",13
2007,"Yamaha","Jupiter Z","Otomatis","Bensin",1,"Indonesia",7.7
2017,"Yamaha","Yzf R15","Manual","Bensin",1,"Indonesia",28.5
2016,"Honda","Motorcycles Vario Techno Fi","Otomatis","Bensin",1,"Indonesia",16
2015,"Suzuki","Satria Fu","Manual","Bensin",1,"Indonesia",11.5
2005,"Yamaha","Rx King","Manual","Bensin",1,"Indonesia",11.4
2013,"Honda","Motorcycles Supra X","Manual","Bensin",1,"Indonesia",12.8
2018,"Yamaha","Mio M3","Otomatis","Bensin",1,"Indonesia",10.2
2016,"Honda","Motorcycles Vario Techno 150","Otomatis","Bensin",1,"Indonesia",16.8
2014,"Honda","Motorcycles Vario Techno Fi","Otomatis","Bensin",1,"Indonesia",12.8
2018,"Honda","Motorcycles Revo","Manual","Bensin",1,"Indonesia",12.8
2018,"Honda","Motorcycles Supra X","Manual","Bensin",1,"Indonesia",14.5
2018,"Honda","Motorcycles Beat Fi","Otomatis","Bensin",1,"Indonesia",14.8
2017,"Honda","Motorcycles Beat Fi","Otomatis","Bensin",1,"Indonesia",13.7
2016,"Honda","Motorcycles Scoopy Fi","Otomatis","Bensin",1,"Indonesia",15.5
2017,"Honda","Motorcycles Beat Fi","Otomatis","Bensin",1,"Indonesia",13.3
2013,"Honda","Motorcycles Cb 150R","Manual","Bensin",1,"Indonesia",15.5
2018,"Honda","Motorcycles Beat Fi","Otomatis","Bensin",1,"Indonesia",14.2
2017,"Yamaha","Nmax","Otomatis","Bensin",1,"Indonesia",23.2
2016,"Honda","Motorcycles Beat Pop","Otomatis","Bensin",1,"Indonesia",10.8
2018,"Honda","Motorcycles Beat Fi","Otomatis","Bensin",1,"Indonesia",14.5
2016,"Honda","Motorcycles Vario Techno Fi","Otomatis","Bensin",1,"Indonesia",14.8
2018,"Honda","Motorcycles Beat Fi","Otomatis","Bensin",1,"Indonesia",14.2
2015,"Yamaha","Byson","Manual","Bensin",1,"Indonesia",13.6
2016,"Kawasaki","Klx 150","Manual","Bensin",1,"Indonesia",28.5
2018,"Yamaha","Lexi","Otomatis","Bensin",1,"Indonesia",17.8
2016,"Honda","Motorcycles Vario Techno Fi","Otomatis","Bensin",1,"Indonesia",15
2014,"Yamaha","V-Ixion Lightning","Manual","Bensin",1,"Indonesia",16.8
2018,"Honda","Motorcycles Vario 125 Fi","Otomatis","Bensin",1,"Indonesia",18
2018,"Yamaha","Mio M3","Otomatis","Bensin",1,"Indonesia",10.8
2018,"Yamaha","Mio M3","Otomatis","Bensin",1,"Indonesia",11.5
2017,"Yamaha","Nmax","Otomatis","Bensin",1,"Indonesia",23
2017,"Yamaha","Aerox","Otomatis","Bensin",1,"Indonesia",18.8
2013,"Yamaha","Vega Zr","Manual","Bensin",1,"Indonesia",8.8
2018,"Yamaha","Nmax Non Abs","Otomatis","Bensin",1,"Indonesia",25.8
2018,"Honda","Motorcycles Sonic","Manual","Bensin",1,"Indonesia",16.8
2013,"Honda","Motorcycles Scoopy Fi","Otomatis","Bensin",1,"Indonesia",10.5
2016,"Honda","Motorcycles Vario Techno Fi","Otomatis","Bensin",1,"Indonesia",17.5
2016,"Honda","Motorcycles Vario Techno Fi","Otomatis","Bensin",1,"Indonesia",16.8
2015,"Yamaha","Aerox","Otomatis","Bensin",1,"Indonesia",21.5
2016,"Honda","Motorcycles Revo Fi","Manual","Bensin",1,"Indonesia",7.5
2011,"Honda","Motorcycles Blade","Manual","Bensin",1,"Indonesia",5.5
2015,"Kawasaki","Klx 150","Manual","Bensin",1,"Indonesia",19.5
2010,"Yamaha","Jupiter Mx","Manual","Bensin",1,"Indonesia",4.8
2017,"Honda","Motorcycles Scoopy Esp","Otomatis","Bensin",1,"Indonesia",13
2013,"Honda","Motorcycles Scoopy Fi","Otomatis","Bensin",1,"Indonesia",11.5
2018,"Honda","Motorcycles Beat Esp","Otomatis","Bensin",1,"Indonesia",12
2016,"Yamaha","Xabre","Manual","Bensin",1,"Indonesia",22
2016,"Honda","Motorcycles Beat Esp","Otomatis","Bensin",1,"Indonesia",10
2017,"Honda","Motorcycles Beat Esp","Otomatis","Bensin",1,"Indonesia",11
2012,"Yamaha","Jupiter Mx","Manual","Bensin",1,"Indonesia",5.5
2018,"Honda","Motorcycles Scoopy Esp","Otomatis","Bensin",1,"Indonesia",15
2017,"KTM","Duke 200","Manual","Bensin",820,"ID",28.5
1990,"Yamaha","RX Special","Manual","Bensin",15000,"Indonesia",14
2015,"Piaggio","Vespa","Otomatis","Bensin",26000,"Indonesia",25
2013,"Suzuki","Satria F150","Manual","Bensin",61000,"Indonesia",8
2017,"Yamaha","YZF R15 Movistar Livery","Manual","Bensin",6452,"Bandung",27
2017,"Yamaha","X-MAX","Otomatis","Bensin",3800,"Kota Jakarta Barat",48
2017,"Yamaha","YZF R15 VVA","Manual","Bensin",5700,"Indonesia",23
2019,"Yamaha","NMax","Otomatis","Bensin",8900,"Kota Jakarta Selatan",25.2
2014,"Kawasaki","Ninja 150RR","Manual","Bensin",18000,"Indonesia",26.5
2016,"Honda","Motorcycles CBR 150R","Manual","Bensin",20000,"Indonesia",21.5
2006,"Harley-Davidson","Touring Ultra Clasi...","Manual","Bensin",22000,"Indonesia",375
2017,"Honda","Motorcycles Vario All New Tec...","Otomatis","Bensin",15700,"Indonesia",17.7
2011,"Honda","Motorcycles Beat","Otomatis","Bensin",26000,"Indonesia",7.1
2018,"Yamaha","Lexi S","Otomatis","Bensin",7800,"Indonesia",18.5
2012,"Kawasaki","Ninja 250 Fi","Manual","Bensin",22000,"Jakarta Selatan",33.9
2013,"Yamaha","Mio J Teen","Otomatis","Bensin",30000,"Indonesia",6.7
2017,"Piaggio","Sprint 150","Otomatis","Bensin",19000,"Kota Jakarta Timur",38
2013,"Yamaha","V-ixion New Vixion Lighting NVL","Manual","Bensin",55000,"Tangerang Selatan",13
2014,"Yamaha","Mio SOUL GT","Otomatis","Bensin",32000,"Kendal",6.5
2010,"Yamaha","Jupiter Z","Manual","Bensin",1e+05,"Indonesia",5.3
2018,"Honda","Motorcycles Vario 150","Otomatis","Bensin",1,"Indonesia",18
2018,"Honda","Motorcycles Beat Esp","Otomatis","Bensin",1,"Indonesia",12.5
2018,"Honda","Motorcycles Beat Street","Otomatis","Bensin",1,"Indonesia",14.25
2019,"Honda","Motorcycles Beat Street","Otomatis","Bensin",1,"Indonesia",13.5
2018,"Honda","Motorcycles Cb 150R","Manual","Bensin",1,"Indonesia",19
2018,"Honda","Motorcycles Beat Esp","Otomatis","Bensin",1,"Indonesia",13
2019,"Honda","Motorcycles Beat Esp","Otomatis","Bensin",1,"Indonesia",13.5
2019,"Honda","Motorcycles Vario 150","Otomatis","Bensin",1,"Indonesia",16
2019,"Honda","Motorcycles CBR 250 Abs","Manual","Bensin",700,"Indonesia",63
2013,"Honda","Motorcycles Beat","Otomatis","Bensin",650000,"Tangerang Selatan",6.75
2014,"Kawasaki","Ninja 150RR","Manual","Bensin",15000,"Indonesia",27
2016,"Honda","Motorcycles Vario","Otomatis","Bensin",1e+05,"Indonesia",11
2018,"Honda","Motorcycles Beat Esp","Otomatis","Bensin",1,"Indonesia",15.25
2017,"Honda","Motorcycles Scoopy Esp","Otomatis","Bensin",1,"Indonesia",17.5
2015,"Yamaha","Xeon","Otomatis","Bensin",1,"Indonesia",9.7
2011,"Honda","Motorcycles Supra","Manual","Bensin",1,"Indonesia",8.5
2018,"Honda","Motorcycles Blade 125","Manual","Bensin",1,"Indonesia",13.5
2018,"Honda","Motorcycles Beat Esp","Otomatis","Bensin",1,"Indonesia",16.3
2018,"Honda","Motorcycles Beat Street","Otomatis","Bensin",1,"Indonesia",15.5
2014,"Suzuki","Satria Fu","Manual","Bensin",1,"Indonesia",10.5
2015,"Honda","Motorcycles Supra X","Manual","Bensin",1,"Indonesia",11.5
2017,"Honda","Motorcycles Scoopy Esp","Otomatis","Bensin",1,"Indonesia",16.5
2014,"Yamaha","V-Ixion","Manual","Bensin",1,"Indonesia",13.5
2019,"Honda","Motorcycles Revo","Manual","Bensin",1,"Indonesia",11.5
2014,"Honda","Motorcycles Supra X 125 Helm-In","Manual","Bensin",56145,"Depok",8.2
2011,"Kawasaki","Ninja 250","Manual","Bensin",9000,"ID",31
1995,"Honda","Motorcycles NSR","Manual","Bensin",150000,"Indonesia",35
2016,"Honda","Motorcycles CB 150R","Manual","Bensin",29000,"Indonesia",16
1992,"Honda","Motorcycles Astrea Grand","Manual","Bensin",100,"Indonesia",4.8
2005,"Yamaha","Vega bebek","Manual","Bensin",20000,"Tangerang Selatan",3.5
2015,"Yamaha","Byson","Manual","Bensin",7538,"Indonesia",10
1979,"Honda","Motorcycles GL","Manual","Bensin",53000,"Kota Jakarta Timur",5
2018,"Yamaha","YZF R15","Manual","Bensin",3400,"Indonesia",27.5
2016,"Yamaha","R15","Manual","Bensin",16000,"Indonesia",14
2002,"Yamaha","Nouvo","Otomatis","Bensin",25000,"Indonesia",10
2015,"Honda","Motorcycles CB R","Manual","Bensin",33900,"Bekasi",14.5
2016,"Suzuki","Satria fi","Manual","Bensin",35000,"Indonesia",15.5
2007,"Yamaha","YZF R6","Manual","Bensin",16000,"Indonesia",160
2018,"Yamaha","Lexi","Otomatis","Bensin",1500,"Indonesia",18.5
2013,"Kawasaki","Ninja 250fi Non abs","Manual","Bensin",24509,"Indonesia",40
2016,"Yamaha","Fino","Otomatis","Bensin",16000,"Indonesia",10
2015,"Honda","Motorcycles CBR","Manual","Bensin",800,"Indonesia",23
2016,"Suzuki","Satria FU","Manual","Bensin",12000,"Indonesia",12
2019,"Honda","Motorcycles CBR","Manual","Bensin",100,"Indonesia",30
2015,"Yamaha","V-ixion vixion advance","Manual","Bensin",35000,"Tangerang Selatan",14.5
2016,"Honda","Motorcycles Beat PGMFi","Otomatis","Bensin",12000,"Bantul",12
2011,"Suzuki","Satria","Manual","Bensin",10000,"Indonesia",7.5
2018,"Yamaha","X-MAX","Otomatis","Bensin",15000,"Indonesia",53
